"warm","yr89","male","white","age","ed","prst","warmlt2","warmlt3","warmlt4"
1,0,0,1,33,10,31,1,1,1
1,0,1,1,74,16,50,1,1,1
1,1,1,1,36,12,41,1,1,1
1,0,0,1,73,9,36,1,1,1
1,0,0,1,59,11,62,1,1,1
1,1,1,1,33,4,17,1,1,1
1,0,0,1,43,7,40,1,1,1
1,0,0,1,48,12,48,1,1,1
1,0,1,1,27,17,69,1,1,1
1,0,1,1,46,12,50,1,1,1
1,1,1,1,75,8,41,1,1,1
1,0,1,1,34,12,47,1,1,1
1,0,0,1,64,11,40,1,1,1
1,0,1,1,46,12,31,1,1,1
1,0,0,1,59,12,55,1,1,1
1,1,0,0,42,6,12,1,1,1
1,0,1,1,53,12,61,1,1,1
1,0,0,1,44,8,25,1,1,1
1,0,1,1,53,7,45,1,1,1
1,0,1,1,62,12,35,1,1,1
1,0,1,1,32,15,70,1,1,1
1,0,0,1,48,8,19,1,1,1
1,0,0,1,36,12,48,1,1,1
1,0,0,1,25,12,46,1,1,1
1,0,1,1,70,8,41,1,1,1
1,0,0,1,38,12,50,1,1,1
1,0,1,1,82,5,39,1,1,1
1,0,0,1,28,12,36,1,1,1
1,0,1,1,25,12,27,1,1,1
1,0,1,0,45,12,40,1,1,1
1,0,1,1,49,5,16,1,1,1
1,0,0,0,56,9,20,1,1,1
1,1,1,1,61,4,34,1,1,1
1,0,1,1,54,16,50,1,1,1
1,0,0,1,77,13,60,1,1,1
1,0,1,1,57,17,78,1,1,1
1,0,1,1,57,8,19,1,1,1
1,1,1,1,19,11,17,1,1,1
1,0,1,1,51,9,28,1,1,1
1,1,1,1,68,14,37,1,1,1
1,0,1,1,47,8,32,1,1,1
1,0,0,1,64,8,27,1,1,1
1,0,1,1,25,12,34,1,1,1
1,0,0,1,73,8,39,1,1,1
1,0,0,1,59,11,34,1,1,1
1,0,0,1,58,10,47,1,1,1
1,1,0,1,65,11,50,1,1,1
1,0,0,1,22,12,29,1,1,1
1,0,1,1,55,8,28,1,1,1
1,0,0,1,38,12,25,1,1,1
1,0,1,1,75,8,41,1,1,1
1,0,1,1,63,8,30,1,1,1
1,1,1,1,56,15,43,1,1,1
1,1,1,0,70,4,32,1,1,1
1,0,1,1,65,9,48,1,1,1
1,0,1,1,49,10,29,1,1,1
1,0,0,1,25,12,23,1,1,1
1,0,1,0,41,11,26,1,1,1
1,0,0,1,53,12,36,1,1,1
1,0,0,1,54,12,48,1,1,1
1,0,0,1,58,15,62,1,1,1
1,0,0,1,20,12,15,1,1,1
1,0,1,1,42,8,41,1,1,1
1,0,0,1,68,11,61,1,1,1
1,0,0,1,44,12,36,1,1,1
1,0,1,1,36,16,69,1,1,1
1,0,1,1,49,12,36,1,1,1
1,0,0,1,46,13,36,1,1,1
1,0,1,0,50,12,17,1,1,1
1,0,1,1,29,12,40,1,1,1
1,0,1,1,27,14,17,1,1,1
1,0,0,1,54,6,12,1,1,1
1,0,1,1,73,6,33,1,1,1
1,0,0,1,38,12,36,1,1,1
1,0,0,1,69,5,26,1,1,1
1,0,0,1,50,10,14,1,1,1
1,0,0,1,22,12,50,1,1,1
1,0,0,1,42,12,46,1,1,1
1,1,0,1,45,12,18,1,1,1
1,1,1,1,35,12,35,1,1,1
1,0,0,1,49,9,19,1,1,1
1,0,1,1,28,20,78,1,1,1
1,0,1,1,34,12,45,1,1,1
1,1,0,1,85,10,36,1,1,1
1,0,1,1,32,18,60,1,1,1
1,0,1,1,56,12,56,1,1,1
1,0,1,1,83,5,51,1,1,1
1,0,1,1,43,5,25,1,1,1
1,0,1,1,53,15,36,1,1,1
1,0,0,1,43,12,34,1,1,1
1,1,1,1,57,12,12,1,1,1
1,0,1,1,67,12,52,1,1,1
1,1,0,1,47,12,50,1,1,1
1,0,1,1,70,14,34,1,1,1
1,0,0,1,26,14,48,1,1,1
1,0,0,0,27,13,26,1,1,1
1,0,0,1,40,10,25,1,1,1
1,0,1,1,20,12,29,1,1,1
1,1,1,1,47,14,45,1,1,1
1,0,0,0,24,12,40,1,1,1
1,0,1,1,63,16,69,1,1,1
1,1,1,1,41,15,37,1,1,1
1,1,1,1,19,12,22,1,1,1
1,0,1,1,21,10,32,1,1,1
1,0,1,1,69,14,22,1,1,1
1,0,0,1,42,12,40,1,1,1
1,0,0,1,22,15,41,1,1,1
1,0,0,1,68,8,48,1,1,1
1,0,0,1,55,10,46,1,1,1
1,0,1,1,56,12,40,1,1,1
1,0,1,0,67,5,17,1,1,1
1,1,0,1,46,16,57,1,1,1
1,0,1,1,66,8,17,1,1,1
1,0,0,1,67,12,46,1,1,1
1,0,0,1,26,10,20,1,1,1
1,0,1,1,34,12,57,1,1,1
1,1,0,0,70,12,12,1,1,1
1,0,1,1,66,12,47,1,1,1
1,0,0,1,40,12,46,1,1,1
1,0,0,0,68,12,26,1,1,1
1,1,1,1,57,14,48,1,1,1
1,0,0,1,36,12,46,1,1,1
1,0,1,1,45,10,19,1,1,1
1,0,1,1,59,16,57,1,1,1
1,0,0,1,42,12,25,1,1,1
1,0,1,1,36,17,52,1,1,1
1,0,0,1,53,5,26,1,1,1
1,0,0,1,46,12,36,1,1,1
1,0,1,1,36,10,17,1,1,1
1,0,0,0,40,12,36,1,1,1
1,0,1,1,49,13,17,1,1,1
1,1,1,0,47,4,17,1,1,1
1,0,1,1,19,12,23,1,1,1
1,0,0,1,63,12,31,1,1,1
1,1,0,1,89,8,18,1,1,1
1,1,0,1,66,12,33,1,1,1
1,0,1,1,64,8,30,1,1,1
1,0,0,1,74,7,18,1,1,1
1,0,0,1,85,12,36,1,1,1
1,1,0,1,38,12,46,1,1,1
1,0,1,1,37,12,18,1,1,1
1,0,0,1,49,12,44,1,1,1
1,0,1,1,29,12,17,1,1,1
1,0,1,1,61,12,16,1,1,1
1,0,1,1,49,12,33,1,1,1
1,0,0,1,23,13,25,1,1,1
1,0,1,0,58,4,17,1,1,1
1,1,0,1,42,9,50,1,1,1
1,0,0,1,63,9,34,1,1,1
1,1,0,1,69,8,26,1,1,1
1,0,0,1,28,12,36,1,1,1
1,0,1,1,56,8,41,1,1,1
1,0,0,1,71,14,14,1,1,1
1,0,1,1,39,12,40,1,1,1
1,0,1,1,61,9,37,1,1,1
1,0,0,1,26,15,56,1,1,1
1,0,1,1,59,8,50,1,1,1
1,1,1,1,54,16,34,1,1,1
1,0,0,1,62,9,50,1,1,1
1,0,0,1,23,14,50,1,1,1
1,0,1,1,41,12,41,1,1,1
1,0,1,1,50,12,26,1,1,1
1,0,0,0,38,13,25,1,1,1
1,1,1,1,89,8,32,1,1,1
1,0,0,1,70,16,63,1,1,1
1,0,0,1,26,14,34,1,1,1
1,1,0,1,37,15,61,1,1,1
1,0,0,0,63,14,18,1,1,1
1,0,1,1,64,11,37,1,1,1
1,0,1,1,44,9,32,1,1,1
1,0,1,1,67,3,32,1,1,1
1,0,0,1,25,12,27,1,1,1
1,1,1,1,49,15,22,1,1,1
1,0,1,1,41,9,49,1,1,1
1,0,0,1,68,8,20,1,1,1
1,0,0,1,35,12,62,1,1,1
1,1,1,1,51,12,40,1,1,1
1,0,1,1,65,6,32,1,1,1
1,0,0,1,40,12,34,1,1,1
1,0,0,1,58,8,36,1,1,1
1,0,1,1,35,16,69,1,1,1
1,0,0,1,62,8,27,1,1,1
1,1,0,1,44,13,50,1,1,1
1,0,1,1,63,8,40,1,1,1
1,1,0,1,61,12,34,1,1,1
1,1,0,1,71,12,25,1,1,1
1,0,1,1,52,8,49,1,1,1
1,0,0,1,23,12,46,1,1,1
1,0,1,1,57,11,31,1,1,1
1,0,1,1,42,12,34,1,1,1
1,1,0,1,47,12,50,1,1,1
1,0,1,1,25,12,41,1,1,1
1,0,1,1,71,8,30,1,1,1
1,0,1,1,40,16,54,1,1,1
1,0,1,1,44,6,26,1,1,1
1,0,0,1,33,14,51,1,1,1
1,0,1,1,58,8,40,1,1,1
1,0,1,1,71,10,26,1,1,1
1,0,1,1,70,5,36,1,1,1
1,0,0,1,46,14,36,1,1,1
1,1,1,1,58,6,30,1,1,1
1,0,0,1,33,6,29,1,1,1
1,0,1,1,53,3,37,1,1,1
1,0,0,1,22,12,48,1,1,1
1,0,1,1,51,10,45,1,1,1
1,0,0,1,54,10,19,1,1,1
1,1,1,1,64,12,45,1,1,1
1,0,1,1,38,9,17,1,1,1
1,0,1,1,68,10,41,1,1,1
1,0,1,1,53,9,19,1,1,1
1,0,1,1,53,12,61,1,1,1
1,1,0,1,50,16,62,1,1,1
1,0,0,1,45,11,32,1,1,1
1,0,0,1,71,10,34,1,1,1
1,0,1,1,60,12,41,1,1,1
1,1,0,1,81,8,31,1,1,1
1,0,0,1,42,12,34,1,1,1
1,1,1,1,65,18,36,1,1,1
1,0,1,1,58,12,30,1,1,1
1,0,0,0,57,4,18,1,1,1
1,0,0,1,21,12,45,1,1,1
1,1,0,1,29,12,46,1,1,1
1,0,0,1,76,12,48,1,1,1
1,0,1,1,36,12,78,1,1,1
1,0,1,1,40,17,50,1,1,1
1,0,1,1,32,9,40,1,1,1
1,0,1,1,55,11,50,1,1,1
1,1,1,0,52,12,32,1,1,1
1,1,1,1,66,14,32,1,1,1
1,1,1,1,27,13,45,1,1,1
1,0,0,1,56,12,23,1,1,1
1,0,0,1,71,8,32,1,1,1
1,0,1,1,72,14,39,1,1,1
1,1,1,1,71,20,69,1,1,1
1,1,1,0,62,0,26,1,1,1
1,0,1,1,59,12,45,1,1,1
1,0,1,1,25,12,36,1,1,1
1,1,1,0,55,4,41,1,1,1
1,0,1,1,29,9,35,1,1,1
1,0,0,1,45,7,25,1,1,1
1,0,1,1,73,10,47,1,1,1
1,0,1,1,69,12,45,1,1,1
1,0,0,0,27,10,33,1,1,1
1,1,1,1,34,12,48,1,1,1
1,1,0,1,32,12,50,1,1,1
1,0,1,1,71,5,17,1,1,1
1,0,0,1,36,14,42,1,1,1
1,0,1,1,54,13,51,1,1,1
1,0,1,1,69,8,41,1,1,1
1,0,0,1,64,7,29,1,1,1
1,0,1,1,48,12,32,1,1,1
1,0,0,1,37,9,31,1,1,1
1,1,1,1,48,17,32,1,1,1
1,0,0,1,51,12,39,1,1,1
1,0,1,1,37,8,29,1,1,1
1,0,0,1,70,12,46,1,1,1
1,0,1,1,33,15,36,1,1,1
1,0,1,1,59,6,16,1,1,1
1,0,0,1,25,11,32,1,1,1
1,0,0,0,69,3,16,1,1,1
1,0,1,1,59,9,41,1,1,1
1,0,0,1,45,4,25,1,1,1
1,0,1,1,34,14,37,1,1,1
1,0,0,1,20,12,16,1,1,1
1,0,1,1,61,16,47,1,1,1
1,0,0,1,37,11,36,1,1,1
1,0,0,1,57,8,36,1,1,1
1,0,1,1,72,8,17,1,1,1
1,0,0,1,73,10,48,1,1,1
1,0,1,0,37,19,82,1,1,1
1,1,0,1,20,12,31,1,1,1
1,0,0,1,73,12,60,1,1,1
1,1,1,1,82,11,32,1,1,1
1,1,1,1,30,16,16,1,1,1
1,0,1,1,68,7,48,1,1,1
1,0,0,1,70,12,41,1,1,1
1,1,0,1,55,9,16,1,1,1
1,0,1,1,23,11,25,1,1,1
1,0,1,1,48,10,30,1,1,1
1,0,0,1,69,7,20,1,1,1
1,0,0,1,30,12,50,1,1,1
1,0,1,1,68,3,37,1,1,1
1,1,0,1,69,11,50,1,1,1
1,1,1,1,79,16,62,1,1,1
1,0,1,1,45,12,32,1,1,1
1,1,0,0,54,12,34,1,1,1
1,1,1,1,37,16,69,1,1,1
1,0,0,1,54,13,72,1,1,1
1,0,0,1,30,11,31,1,1,1
1,0,0,1,44,12,50,1,1,1
1,0,0,1,56,12,36,1,1,1
1,1,1,1,82,12,41,1,1,1
1,0,1,1,72,12,32,1,1,1
1,0,0,1,57,12,45,1,1,1
1,1,1,1,82,9,32,1,1,1
1,0,0,1,66,9,33,1,1,1
1,0,0,0,58,12,42,1,1,1
2,0,0,1,25,14,39,0,1,1
2,1,0,1,62,16,62,0,1,1
2,0,0,1,58,12,34,0,1,1
2,0,0,1,40,12,22,0,1,1
2,0,1,1,20,14,17,0,1,1
2,1,0,1,88,10,39,0,1,1
2,0,1,1,87,8,41,0,1,1
2,1,0,1,28,12,38,0,1,1
2,0,1,1,68,9,41,0,1,1
2,1,0,1,83,4,42,0,1,1
2,1,1,0,33,16,32,0,1,1
2,0,0,1,62,8,12,0,1,1
2,0,0,1,26,12,46,0,1,1
2,0,1,0,57,7,16,0,1,1
2,0,1,1,42,13,68,0,1,1
2,0,0,1,26,12,19,0,1,1
2,1,0,1,20,13,25,0,1,1
2,0,1,1,75,6,50,0,1,1
2,0,1,1,66,12,36,0,1,1
2,0,0,1,79,4,25,0,1,1
2,0,0,1,73,8,27,0,1,1
2,1,0,1,50,12,46,0,1,1
2,0,0,1,57,8,27,0,1,1
2,0,0,1,62,12,31,0,1,1
2,0,1,1,52,8,28,0,1,1
2,1,0,1,51,11,36,0,1,1
2,1,0,1,60,13,50,0,1,1
2,0,0,1,57,12,15,0,1,1
2,0,1,1,75,11,37,0,1,1
2,0,1,1,36,17,50,0,1,1
2,0,0,1,42,16,36,0,1,1
2,0,1,1,33,18,72,0,1,1
2,1,1,1,27,19,82,0,1,1
2,0,0,1,50,12,44,0,1,1
2,1,1,1,83,8,34,0,1,1
2,1,1,1,62,12,26,0,1,1
2,0,1,0,74,11,29,0,1,1
2,0,1,0,58,19,57,0,1,1
2,1,0,0,47,10,28,0,1,1
2,1,0,1,55,12,36,0,1,1
2,1,1,1,40,20,47,0,1,1
2,1,0,1,67,12,48,0,1,1
2,0,1,1,64,16,57,0,1,1
2,1,1,1,59,13,40,0,1,1
2,0,0,0,75,12,36,0,1,1
2,1,0,1,65,11,25,0,1,1
2,1,0,1,73,13,33,0,1,1
2,1,1,1,36,14,50,0,1,1
2,0,1,1,45,16,62,0,1,1
2,0,1,1,27,17,67,0,1,1
2,0,1,1,46,12,38,0,1,1
2,1,1,1,25,16,62,0,1,1
2,0,1,0,45,8,29,0,1,1
2,0,0,0,55,9,18,0,1,1
2,1,1,1,36,12,16,0,1,1
2,0,1,1,22,12,17,0,1,1
2,0,1,1,60,8,33,0,1,1
2,1,1,1,25,12,42,0,1,1
2,1,1,1,42,17,62,0,1,1
2,1,0,1,33,15,51,0,1,1
2,0,0,1,66,8,25,0,1,1
2,0,1,1,62,6,29,0,1,1
2,1,0,1,22,12,39,0,1,1
2,0,0,1,84,14,60,0,1,1
2,0,1,1,24,16,57,0,1,1
2,0,0,1,53,9,29,0,1,1
2,0,0,1,72,9,40,0,1,1
2,0,0,1,66,6,34,0,1,1
2,0,0,1,26,10,20,0,1,1
2,0,0,1,34,12,36,0,1,1
2,0,0,1,57,17,62,0,1,1
2,0,0,1,24,12,25,0,1,1
2,0,0,1,47,8,20,0,1,1
2,1,1,1,72,10,40,0,1,1
2,0,1,1,34,12,50,0,1,1
2,1,0,1,38,12,30,0,1,1
2,0,1,1,63,9,32,0,1,1
2,1,0,1,64,16,60,0,1,1
2,0,1,1,47,8,40,0,1,1
2,0,0,0,34,15,36,0,1,1
2,0,1,1,34,14,34,0,1,1
2,1,1,1,36,16,61,0,1,1
2,1,1,1,32,16,51,0,1,1
2,1,1,1,24,13,47,0,1,1
2,0,0,1,54,13,48,0,1,1
2,0,1,0,51,10,27,0,1,1
2,0,1,1,67,12,39,0,1,1
2,0,1,1,27,20,54,0,1,1
2,1,1,1,35,12,31,0,1,1
2,1,0,1,31,14,37,0,1,1
2,1,0,1,25,10,23,0,1,1
2,0,1,1,33,12,17,0,1,1
2,1,0,0,63,5,26,0,1,1
2,0,1,1,59,7,26,0,1,1
2,0,0,1,63,11,25,0,1,1
2,0,1,1,59,20,54,0,1,1
2,1,1,1,38,7,32,0,1,1
2,0,1,1,23,16,36,0,1,1
2,0,0,1,59,8,32,0,1,1
2,1,0,1,36,12,32,0,1,1
2,0,0,1,46,13,46,0,1,1
2,1,1,1,53,12,72,0,1,1
2,1,1,0,25,16,60,0,1,1
2,0,1,1,31,18,50,0,1,1
2,0,1,1,44,12,45,0,1,1
2,1,1,1,22,14,37,0,1,1
2,0,0,0,42,11,22,0,1,1
2,1,1,1,75,6,31,0,1,1
2,0,1,1,65,8,39,0,1,1
2,0,1,1,43,8,23,0,1,1
2,0,1,1,62,16,60,0,1,1
2,1,0,1,19,12,22,0,1,1
2,0,1,1,50,12,40,0,1,1
2,1,1,1,80,11,72,0,1,1
2,0,1,1,61,9,30,0,1,1
2,1,1,0,31,17,51,0,1,1
2,1,0,1,19,12,50,0,1,1
2,0,0,1,57,10,36,0,1,1
2,0,1,1,25,13,56,0,1,1
2,1,1,1,64,12,48,0,1,1
2,0,0,0,71,6,18,0,1,1
2,0,0,1,40,10,45,0,1,1
2,0,0,1,31,12,46,0,1,1
2,1,0,1,60,14,46,0,1,1
2,0,0,1,79,8,32,0,1,1
2,0,1,1,72,10,32,0,1,1
2,0,1,0,26,17,63,0,1,1
2,1,0,1,66,12,72,0,1,1
2,0,1,1,51,7,32,0,1,1
2,0,1,1,23,12,26,0,1,1
2,0,1,1,74,10,50,0,1,1
2,0,0,0,30,10,18,0,1,1
2,1,1,1,46,15,17,0,1,1
2,1,1,0,44,13,30,0,1,1
2,0,0,1,64,17,55,0,1,1
2,0,0,1,59,6,18,0,1,1
2,0,0,1,27,12,17,0,1,1
2,0,0,1,76,8,39,0,1,1
2,0,0,1,50,11,34,0,1,1
2,0,0,1,50,9,22,0,1,1
2,0,0,1,71,10,46,0,1,1
2,0,1,1,50,15,56,0,1,1
2,1,1,1,69,8,39,0,1,1
2,1,1,1,76,14,36,0,1,1
2,0,0,1,53,8,23,0,1,1
2,1,0,1,44,14,39,0,1,1
2,1,1,1,68,16,19,0,1,1
2,1,1,0,28,12,36,0,1,1
2,1,0,1,30,12,31,0,1,1
2,0,0,1,36,12,48,0,1,1
2,0,0,0,63,12,20,0,1,1
2,0,1,1,48,16,67,0,1,1
2,0,0,1,23,13,36,0,1,1
2,0,1,1,63,15,50,0,1,1
2,0,0,1,63,9,30,0,1,1
2,0,0,1,31,12,26,0,1,1
2,0,1,1,27,16,34,0,1,1
2,0,1,1,40,13,41,0,1,1
2,0,0,1,68,12,31,0,1,1
2,1,0,1,38,12,50,0,1,1
2,0,0,1,74,10,19,0,1,1
2,1,1,1,50,12,22,0,1,1
2,0,0,0,43,6,18,0,1,1
2,0,1,1,44,11,23,0,1,1
2,0,1,1,30,11,35,0,1,1
2,0,0,1,31,12,27,0,1,1
2,1,1,1,49,9,41,0,1,1
2,0,1,1,42,11,36,0,1,1
2,1,0,1,78,10,31,0,1,1
2,0,1,1,36,12,32,0,1,1
2,0,1,1,50,11,33,0,1,1
2,0,0,1,66,11,26,0,1,1
2,0,1,1,51,8,32,0,1,1
2,0,1,0,41,9,34,0,1,1
2,0,1,1,45,12,32,0,1,1
2,0,1,1,51,12,48,0,1,1
2,1,0,0,32,14,36,0,1,1
2,0,1,1,34,8,17,0,1,1
2,0,0,1,43,12,46,0,1,1
2,1,1,1,61,11,61,0,1,1
2,0,1,1,74,8,39,0,1,1
2,0,1,1,30,12,39,0,1,1
2,1,1,1,65,12,41,0,1,1
2,1,0,1,27,16,48,0,1,1
2,0,1,1,33,12,32,0,1,1
2,1,0,1,85,12,34,0,1,1
2,0,1,0,23,16,69,0,1,1
2,1,0,1,32,12,34,0,1,1
2,1,0,1,61,12,23,0,1,1
2,1,1,1,30,12,50,0,1,1
2,1,0,1,73,12,14,0,1,1
2,1,0,0,24,12,15,0,1,1
2,0,0,1,87,8,36,0,1,1
2,0,1,1,77,16,45,0,1,1
2,1,1,1,66,8,33,0,1,1
2,0,0,1,59,11,34,0,1,1
2,0,1,1,41,9,30,0,1,1
2,0,0,1,26,12,20,0,1,1
2,0,0,1,79,5,19,0,1,1
2,1,1,1,34,13,51,0,1,1
2,0,1,1,64,8,41,0,1,1
2,0,0,1,45,12,34,0,1,1
2,0,1,1,76,6,30,0,1,1
2,0,1,1,61,12,58,0,1,1
2,1,1,1,31,14,50,0,1,1
2,0,1,1,73,16,57,0,1,1
2,0,0,1,27,12,41,0,1,1
2,0,1,1,62,12,50,0,1,1
2,0,0,1,54,7,25,0,1,1
2,0,0,1,81,9,18,0,1,1
2,1,0,1,52,12,43,0,1,1
2,1,1,1,20,12,47,0,1,1
2,0,1,1,75,20,82,0,1,1
2,0,1,1,46,16,55,0,1,1
2,1,0,1,64,12,25,0,1,1
2,0,0,1,27,14,48,0,1,1
2,0,1,0,81,5,17,0,1,1
2,1,0,1,78,8,20,0,1,1
2,0,1,1,19,10,17,0,1,1
2,1,0,1,65,12,31,0,1,1
2,0,1,0,28,11,48,0,1,1
2,0,1,0,27,12,17,0,1,1
2,0,0,1,39,8,19,0,1,1
2,1,1,0,47,12,43,0,1,1
2,1,1,1,29,16,34,0,1,1
2,0,0,1,55,10,20,0,1,1
2,0,1,0,28,12,28,0,1,1
2,1,0,1,38,14,37,0,1,1
2,0,1,1,76,4,32,0,1,1
2,0,1,1,56,12,36,0,1,1
2,0,0,1,31,4,36,0,1,1
2,0,1,1,24,12,30,0,1,1
2,0,1,1,45,12,32,0,1,1
2,0,1,1,62,11,19,0,1,1
2,0,0,1,61,16,60,0,1,1
2,0,1,1,49,8,37,0,1,1
2,1,0,1,47,12,36,0,1,1
2,1,1,1,88,19,76,0,1,1
2,0,1,1,46,11,32,0,1,1
2,1,0,1,33,14,36,0,1,1
2,1,0,1,40,16,51,0,1,1
2,1,1,1,33,16,50,0,1,1
2,0,1,1,86,14,17,0,1,1
2,0,0,1,64,11,36,0,1,1
2,0,1,0,63,3,36,0,1,1
2,0,1,1,57,16,47,0,1,1
2,0,0,1,41,12,26,0,1,1
2,1,1,1,89,11,32,0,1,1
2,0,0,1,41,12,36,0,1,1
2,1,0,0,51,12,36,0,1,1
2,0,1,1,33,12,40,0,1,1
2,1,1,1,50,12,49,0,1,1
2,1,1,1,73,12,40,0,1,1
2,0,1,1,43,5,33,0,1,1
2,0,1,1,22,12,33,0,1,1
2,1,1,1,79,12,76,0,1,1
2,1,1,1,53,12,37,0,1,1
2,0,1,1,32,8,40,0,1,1
2,0,1,1,53,12,22,0,1,1
2,0,1,1,37,16,41,0,1,1
2,0,1,1,63,12,50,0,1,1
2,1,0,0,72,8,20,0,1,1
2,0,0,1,60,12,36,0,1,1
2,1,0,1,73,12,46,0,1,1
2,0,0,1,47,12,31,0,1,1
2,1,0,0,41,18,69,0,1,1
2,1,0,1,54,18,56,0,1,1
2,0,0,1,50,7,36,0,1,1
2,0,0,1,42,10,27,0,1,1
2,0,1,1,59,17,60,0,1,1
2,0,0,1,64,10,46,0,1,1
2,0,0,1,43,8,41,0,1,1
2,0,1,1,51,9,17,0,1,1
2,0,1,1,50,12,38,0,1,1
2,0,1,1,77,8,41,0,1,1
2,1,0,0,54,13,36,0,1,1
2,0,1,0,50,12,30,0,1,1
2,1,0,1,38,18,62,0,1,1
2,1,0,1,37,11,20,0,1,1
2,1,0,1,89,8,18,0,1,1
2,1,0,1,28,12,36,0,1,1
2,0,1,1,58,12,27,0,1,1
2,1,1,1,36,11,48,0,1,1
2,0,0,0,34,12,17,0,1,1
2,1,1,1,59,16,34,0,1,1
2,0,1,0,43,9,18,0,1,1
2,0,0,0,76,7,18,0,1,1
2,0,1,1,76,8,29,0,1,1
2,1,0,1,36,12,36,0,1,1
2,1,0,1,42,13,41,0,1,1
2,0,1,1,39,8,33,0,1,1
2,1,1,1,29,13,17,0,1,1
2,0,1,1,67,11,58,0,1,1
2,1,0,1,46,12,60,0,1,1
2,0,1,1,62,9,28,0,1,1
2,1,1,1,26,14,23,0,1,1
2,1,0,1,50,15,46,0,1,1
2,0,1,1,35,10,32,0,1,1
2,1,1,1,26,14,48,0,1,1
2,0,0,1,33,14,36,0,1,1
2,0,0,1,27,14,33,0,1,1
2,0,1,0,48,11,32,0,1,1
2,0,1,1,23,12,17,0,1,1
2,1,1,1,35,16,39,0,1,1
2,0,1,1,28,12,28,0,1,1
2,1,0,1,47,14,36,0,1,1
2,0,1,1,49,11,38,0,1,1
2,0,0,1,75,7,32,0,1,1
2,0,0,1,33,16,52,0,1,1
2,0,1,0,33,12,17,0,1,1
2,1,1,1,41,20,55,0,1,1
2,0,1,0,68,0,17,0,1,1
2,0,1,1,54,13,33,0,1,1
2,1,1,1,49,14,50,0,1,1
2,0,1,1,80,5,45,0,1,1
2,1,1,0,25,14,37,0,1,1
2,0,1,1,56,7,41,0,1,1
2,1,1,1,55,12,33,0,1,1
2,0,1,1,33,16,40,0,1,1
2,0,1,0,23,11,16,0,1,1
2,0,1,1,81,10,40,0,1,1
2,0,1,1,19,11,37,0,1,1
2,1,0,0,43,15,46,0,1,1
2,0,1,1,20,13,39,0,1,1
2,0,0,1,54,16,46,0,1,1
2,1,0,1,45,12,47,0,1,1
2,0,1,1,40,17,50,0,1,1
2,1,1,1,32,12,33,0,1,1
2,1,1,1,65,10,38,0,1,1
2,0,1,1,58,8,33,0,1,1
2,0,0,1,41,12,46,0,1,1
2,0,1,1,36,12,49,0,1,1
2,0,1,1,37,12,30,0,1,1
2,1,0,1,36,12,38,0,1,1
2,0,1,1,20,12,29,0,1,1
2,0,1,1,19,12,22,0,1,1
2,0,1,1,30,14,41,0,1,1
2,1,1,1,68,18,78,0,1,1
2,0,0,1,65,14,62,0,1,1
2,0,0,1,69,10,18,0,1,1
2,0,1,0,20,13,47,0,1,1
2,1,0,1,33,16,61,0,1,1
2,0,1,1,43,12,42,0,1,1
2,1,0,1,36,12,48,0,1,1
2,0,1,1,21,12,17,0,1,1
2,1,0,1,56,9,50,0,1,1
2,1,1,1,23,12,16,0,1,1
2,0,0,1,41,12,46,0,1,1
2,0,1,1,55,16,31,0,1,1
2,1,0,1,43,12,36,0,1,1
2,0,0,1,61,12,45,0,1,1
2,1,1,1,33,12,47,0,1,1
2,0,0,1,46,4,32,0,1,1
2,1,0,1,44,14,42,0,1,1
2,0,1,1,41,10,47,0,1,1
2,0,0,1,27,12,20,0,1,1
2,0,0,1,28,15,18,0,1,1
2,0,1,1,44,12,47,0,1,1
2,0,1,1,53,11,45,0,1,1
2,0,1,1,34,12,33,0,1,1
2,1,1,1,71,8,16,0,1,1
2,0,1,0,19,12,17,0,1,1
2,0,0,1,25,10,32,0,1,1
2,0,1,1,48,19,63,0,1,1
2,0,1,1,58,12,48,0,1,1
2,0,0,1,44,12,32,0,1,1
2,0,0,1,38,16,43,0,1,1
2,1,1,0,21,14,46,0,1,1
2,0,1,1,74,18,63,0,1,1
2,0,1,0,57,9,41,0,1,1
2,1,1,1,73,5,50,0,1,1
2,1,0,1,43,12,50,0,1,1
2,0,0,1,19,12,36,0,1,1
2,1,0,1,52,12,50,0,1,1
2,1,0,1,26,8,32,0,1,1
2,1,0,1,49,16,62,0,1,1
2,0,1,1,28,18,47,0,1,1
2,1,0,1,25,16,50,0,1,1
2,1,1,1,45,12,50,0,1,1
2,0,1,1,37,7,30,0,1,1
2,1,0,1,68,12,36,0,1,1
2,0,1,1,54,12,26,0,1,1
2,1,1,1,78,9,18,0,1,1
2,0,1,1,49,12,16,0,1,1
2,0,0,1,71,4,23,0,1,1
2,0,0,1,67,12,36,0,1,1
2,0,1,1,42,10,47,0,1,1
2,1,1,1,71,12,36,0,1,1
2,0,0,1,56,12,32,0,1,1
2,1,0,1,68,14,50,0,1,1
2,0,0,1,56,9,22,0,1,1
2,0,0,1,51,8,25,0,1,1
2,1,1,1,20,12,18,0,1,1
2,1,0,1,68,12,40,0,1,1
2,1,1,1,50,10,30,0,1,1
2,1,0,1,81,14,63,0,1,1
2,0,0,1,62,10,32,0,1,1
2,0,0,1,73,8,27,0,1,1
2,0,1,1,52,8,40,0,1,1
2,1,0,1,88,13,60,0,1,1
2,0,1,1,54,8,50,0,1,1
2,0,0,1,39,12,15,0,1,1
2,1,1,1,35,15,50,0,1,1
2,0,0,0,83,4,18,0,1,1
2,1,1,1,57,13,28,0,1,1
2,0,0,1,19,10,20,0,1,1
2,1,1,1,31,13,50,0,1,1
2,0,0,0,52,6,32,0,1,1
2,1,1,1,26,12,40,0,1,1
2,1,0,1,61,7,12,0,1,1
2,0,0,1,42,16,48,0,1,1
2,0,0,1,37,12,46,0,1,1
2,1,0,1,68,13,40,0,1,1
2,0,0,1,45,12,46,0,1,1
2,1,1,1,27,16,51,0,1,1
2,1,0,1,21,11,16,0,1,1
2,0,1,1,45,12,33,0,1,1
2,0,0,1,57,17,60,0,1,1
2,0,1,1,34,14,68,0,1,1
2,0,0,1,68,8,31,0,1,1
2,1,0,1,55,12,36,0,1,1
2,0,0,1,71,15,50,0,1,1
2,0,1,1,61,10,22,0,1,1
2,1,1,1,54,9,22,0,1,1
2,0,1,1,33,12,32,0,1,1
2,1,1,1,32,16,56,0,1,1
2,0,1,1,29,16,72,0,1,1
2,1,0,1,61,16,60,0,1,1
2,1,0,1,30,13,15,0,1,1
2,0,1,1,35,12,32,0,1,1
2,0,0,1,47,12,48,0,1,1
2,0,0,1,45,9,20,0,1,1
2,1,1,0,68,6,37,0,1,1
2,0,0,1,30,12,33,0,1,1
2,0,1,1,21,12,32,0,1,1
2,0,0,1,67,11,43,0,1,1
2,1,0,1,50,9,20,0,1,1
2,0,0,1,53,12,46,0,1,1
2,1,1,1,70,12,50,0,1,1
2,1,1,1,28,12,37,0,1,1
2,1,1,1,72,12,16,0,1,1
2,1,0,1,28,12,31,0,1,1
2,0,1,1,26,16,45,0,1,1
2,0,0,1,61,11,45,0,1,1
2,0,1,1,65,12,38,0,1,1
2,0,1,1,60,11,50,0,1,1
2,0,1,1,52,16,67,0,1,1
2,0,0,1,33,10,39,0,1,1
2,1,1,1,68,12,40,0,1,1
2,0,0,1,35,12,45,0,1,1
2,1,1,1,41,14,43,0,1,1
2,0,1,0,50,16,50,0,1,1
2,1,0,1,74,12,36,0,1,1
2,0,1,1,27,10,17,0,1,1
2,0,1,1,52,15,34,0,1,1
2,0,1,1,40,18,63,0,1,1
2,0,1,1,46,12,50,0,1,1
2,0,0,1,82,12,61,0,1,1
2,0,1,0,55,12,35,0,1,1
2,1,0,1,61,12,39,0,1,1
2,0,1,1,29,14,40,0,1,1
2,0,1,1,29,10,49,0,1,1
2,1,0,0,50,8,29,0,1,1
2,0,1,1,70,16,36,0,1,1
2,1,1,1,30,5,28,0,1,1
2,0,1,1,27,13,36,0,1,1
2,0,1,1,19,11,46,0,1,1
2,1,1,1,45,12,32,0,1,1
2,1,1,1,38,9,22,0,1,1
2,1,1,1,33,12,40,0,1,1
2,1,0,1,63,11,36,0,1,1
2,1,0,1,50,12,36,0,1,1
2,0,1,1,68,9,45,0,1,1
2,0,1,1,59,12,32,0,1,1
2,0,1,1,39,12,39,0,1,1
2,0,0,1,21,12,50,0,1,1
2,1,0,0,67,12,22,0,1,1
2,0,1,1,68,11,48,0,1,1
2,0,1,1,35,7,18,0,1,1
2,1,0,1,70,8,20,0,1,1
2,0,1,1,21,9,27,0,1,1
2,1,1,1,46,16,50,0,1,1
2,1,1,1,42,14,39,0,1,1
2,0,1,0,28,15,39,0,1,1
2,0,0,1,56,17,63,0,1,1
2,1,0,1,64,14,39,0,1,1
2,0,1,1,77,11,14,0,1,1
2,0,1,1,36,12,33,0,1,1
2,1,1,1,47,12,56,0,1,1
2,0,1,1,35,12,33,0,1,1
2,0,0,1,50,10,33,0,1,1
2,0,0,0,28,13,41,0,1,1
2,0,1,1,79,8,42,0,1,1
2,0,1,1,39,12,32,0,1,1
2,0,1,1,34,18,60,0,1,1
2,0,0,1,67,12,32,0,1,1
2,0,0,1,57,12,72,0,1,1
2,0,1,1,45,10,54,0,1,1
2,0,0,1,60,11,18,0,1,1
2,0,0,1,21,12,29,0,1,1
2,0,1,1,23,13,50,0,1,1
2,1,0,1,26,8,19,0,1,1
2,0,1,1,54,20,60,0,1,1
2,0,0,0,26,12,17,0,1,1
2,1,1,1,34,10,33,0,1,1
2,1,0,0,30,16,60,0,1,1
2,1,1,1,33,13,42,0,1,1
2,1,1,1,52,17,50,0,1,1
2,1,1,1,25,13,50,0,1,1
2,1,0,1,77,12,52,0,1,1
2,0,0,0,76,6,32,0,1,1
2,0,0,1,60,9,32,0,1,1
2,1,1,0,22,11,32,0,1,1
2,0,1,1,67,8,19,0,1,1
2,0,0,1,68,8,23,0,1,1
2,0,1,1,26,13,17,0,1,1
2,1,1,1,63,12,19,0,1,1
2,0,0,1,46,12,46,0,1,1
2,0,0,1,29,16,57,0,1,1
2,0,1,1,30,9,32,0,1,1
2,0,1,0,41,12,17,0,1,1
2,1,0,1,61,12,36,0,1,1
2,1,1,1,30,16,72,0,1,1
2,0,1,1,57,16,29,0,1,1
2,1,0,1,81,10,36,0,1,1
2,1,0,1,28,13,36,0,1,1
2,0,1,0,65,2,40,0,1,1
2,0,0,1,74,9,23,0,1,1
2,1,1,1,63,10,33,0,1,1
2,0,1,1,48,12,50,0,1,1
2,1,1,1,25,14,20,0,1,1
2,0,0,1,75,10,26,0,1,1
2,0,1,1,34,12,72,0,1,1
2,0,0,1,78,14,60,0,1,1
2,0,0,1,67,17,60,0,1,1
2,0,0,1,57,12,32,0,1,1
2,1,0,1,31,12,57,0,1,1
2,0,0,1,45,12,48,0,1,1
2,1,0,1,42,13,28,0,1,1
2,0,1,0,26,12,32,0,1,1
2,0,1,1,53,12,50,0,1,1
2,0,1,0,22,9,29,0,1,1
2,1,1,1,72,18,78,0,1,1
2,0,0,1,28,12,25,0,1,1
2,1,0,0,38,12,17,0,1,1
2,1,0,1,49,14,61,0,1,1
2,1,0,1,63,8,32,0,1,1
2,0,1,1,22,11,40,0,1,1
2,0,0,0,45,9,33,0,1,1
2,0,0,1,67,12,36,0,1,1
2,0,1,0,55,8,27,0,1,1
2,1,0,1,39,12,17,0,1,1
2,1,1,1,34,17,71,0,1,1
2,0,1,1,42,8,33,0,1,1
2,0,1,1,45,8,30,0,1,1
2,0,1,1,51,16,34,0,1,1
2,1,0,1,31,13,46,0,1,1
2,0,1,1,71,6,22,0,1,1
2,0,1,1,20,8,36,0,1,1
2,0,0,1,65,12,51,0,1,1
2,1,1,1,41,12,29,0,1,1
2,0,1,1,49,11,36,0,1,1
2,0,0,1,29,10,36,0,1,1
2,0,1,1,30,12,35,0,1,1
2,1,0,1,72,12,46,0,1,1
2,0,1,1,54,0,40,0,1,1
2,0,1,1,25,12,40,0,1,1
2,0,1,1,47,14,47,0,1,1
2,0,0,1,51,10,32,0,1,1
2,1,1,1,28,14,50,0,1,1
2,0,1,1,24,12,17,0,1,1
2,0,1,1,29,14,40,0,1,1
2,0,1,1,39,12,26,0,1,1
2,0,0,1,53,9,26,0,1,1
2,0,0,1,51,12,36,0,1,1
2,1,0,1,82,11,31,0,1,1
2,0,0,1,52,14,51,0,1,1
2,0,0,1,29,12,20,0,1,1
2,0,1,1,32,7,50,0,1,1
2,0,1,1,48,10,29,0,1,1
2,0,0,1,36,13,43,0,1,1
2,0,0,1,63,7,25,0,1,1
2,0,0,1,61,7,25,0,1,1
2,1,1,1,78,8,41,0,1,1
2,0,0,1,35,12,23,0,1,1
2,0,0,1,60,12,20,0,1,1
2,1,1,1,42,16,37,0,1,1
2,1,0,1,43,14,36,0,1,1
2,1,1,1,72,12,68,0,1,1
2,1,0,1,56,15,47,0,1,1
2,1,1,1,36,10,32,0,1,1
2,1,1,1,20,12,32,0,1,1
2,1,1,1,52,11,36,0,1,1
2,0,1,0,67,3,17,0,1,1
2,0,1,1,41,7,36,0,1,1
2,1,1,1,49,8,50,0,1,1
2,0,0,1,36,8,19,0,1,1
2,1,1,1,40,14,34,0,1,1
2,0,0,1,59,12,34,0,1,1
2,1,0,1,66,8,17,0,1,1
2,0,0,1,56,10,46,0,1,1
2,1,0,1,65,12,18,0,1,1
2,1,0,1,60,18,63,0,1,1
2,0,1,1,32,14,32,0,1,1
2,0,0,1,52,12,25,0,1,1
2,1,0,1,71,13,29,0,1,1
2,0,1,1,45,12,37,0,1,1
2,0,1,1,54,9,28,0,1,1
2,0,0,1,70,16,60,0,1,1
2,0,0,1,22,13,14,0,1,1
2,0,1,1,24,12,50,0,1,1
2,1,0,1,66,12,32,0,1,1
2,0,0,1,52,12,48,0,1,1
2,1,0,1,48,12,19,0,1,1
2,1,0,1,54,20,78,0,1,1
2,0,0,1,35,12,41,0,1,1
2,0,1,1,42,9,32,0,1,1
2,1,1,1,73,10,29,0,1,1
2,0,1,1,58,16,50,0,1,1
2,0,0,0,22,13,40,0,1,1
2,0,0,1,44,18,63,0,1,1
2,1,1,1,48,14,50,0,1,1
2,1,0,1,58,12,20,0,1,1
2,1,1,1,37,18,50,0,1,1
2,1,0,1,19,12,18,0,1,1
2,0,1,0,56,12,27,0,1,1
2,0,1,1,56,12,40,0,1,1
2,0,1,1,26,18,57,0,1,1
2,0,1,1,27,12,37,0,1,1
2,0,0,1,63,8,18,0,1,1
2,1,0,1,58,12,31,0,1,1
2,1,0,1,28,12,46,0,1,1
2,1,0,1,45,12,43,0,1,1
2,0,1,1,42,15,44,0,1,1
2,1,1,1,45,14,23,0,1,1
2,1,1,0,40,20,78,0,1,1
2,0,1,1,32,14,35,0,1,1
2,0,0,1,29,8,32,0,1,1
2,0,1,1,24,11,37,0,1,1
2,1,0,1,70,12,46,0,1,1
2,0,0,1,59,12,18,0,1,1
2,0,1,1,77,8,30,0,1,1
2,1,1,0,32,14,37,0,1,1
2,0,0,1,73,10,32,0,1,1
2,0,0,1,32,12,46,0,1,1
2,1,0,1,51,16,60,0,1,1
2,0,1,1,35,12,39,0,1,1
2,1,1,1,37,15,40,0,1,1
2,0,1,1,37,14,70,0,1,1
2,1,1,1,59,12,12,0,1,1
2,0,1,1,43,11,37,0,1,1
2,0,1,1,48,12,50,0,1,1
2,0,1,1,47,7,30,0,1,1
2,0,0,1,72,9,29,0,1,1
2,0,1,1,23,12,48,0,1,1
2,0,1,1,71,16,62,0,1,1
2,0,0,1,50,16,50,0,1,1
2,0,1,1,22,9,33,0,1,1
2,0,0,1,30,12,25,0,1,1
2,0,1,1,58,11,34,0,1,1
2,0,0,1,63,12,33,0,1,1
2,1,0,1,61,12,25,0,1,1
2,1,0,1,66,14,46,0,1,1
2,0,0,1,35,11,45,0,1,1
2,0,1,1,38,11,50,0,1,1
2,0,0,0,46,10,18,0,1,1
2,0,1,1,43,10,39,0,1,1
2,0,1,1,61,12,29,0,1,1
2,0,1,1,55,12,41,0,1,1
2,0,1,1,19,12,26,0,1,1
2,0,0,1,45,5,18,0,1,1
2,1,1,1,42,15,50,0,1,1
2,1,0,1,67,6,32,0,1,1
2,0,1,1,20,12,42,0,1,1
2,0,1,0,58,12,14,0,1,1
2,0,1,1,78,16,50,0,1,1
2,1,1,1,28,17,14,0,1,1
2,0,1,1,71,15,60,0,1,1
2,0,1,1,67,10,32,0,1,1
2,1,1,0,82,8,35,0,1,1
2,0,1,1,34,12,32,0,1,1
2,1,1,1,29,14,23,0,1,1
2,1,0,0,59,13,36,0,1,1
2,1,1,1,63,14,50,0,1,1
2,0,0,1,74,7,25,0,1,1
2,1,1,1,74,14,36,0,1,1
2,0,1,1,19,11,23,0,1,1
2,0,1,1,56,14,41,0,1,1
2,0,1,1,45,8,29,0,1,1
2,0,1,1,37,19,69,0,1,1
2,0,0,1,69,14,31,0,1,1
2,0,1,1,33,16,69,0,1,1
2,0,0,1,61,12,34,0,1,1
2,0,0,1,54,14,43,0,1,1
2,1,1,1,42,20,50,0,1,1
2,1,1,1,37,18,60,0,1,1
2,0,1,1,42,12,50,0,1,1
2,0,1,0,46,3,17,0,1,1
2,1,1,1,40,17,68,0,1,1
2,0,1,1,35,16,50,0,1,1
2,0,0,1,72,12,62,0,1,1
2,1,1,1,47,11,54,0,1,1
2,1,0,1,65,12,46,0,1,1
2,1,0,1,32,18,62,0,1,1
2,0,0,1,56,11,31,0,1,1
2,0,1,1,36,12,49,0,1,1
2,0,0,1,54,10,25,0,1,1
2,1,1,1,58,12,39,0,1,1
2,0,0,0,28,10,36,0,1,1
2,0,0,1,42,10,19,0,1,1
2,0,1,1,61,12,63,0,1,1
2,0,1,1,60,12,28,0,1,1
2,0,0,1,73,12,34,0,1,1
2,0,1,1,30,6,28,0,1,1
2,0,1,1,49,12,47,0,1,1
2,0,0,1,63,8,36,0,1,1
2,1,1,1,34,15,34,0,1,1
2,1,0,0,51,11,25,0,1,1
2,0,1,1,58,13,23,0,1,1
2,0,1,1,49,20,60,0,1,1
2,0,1,1,54,14,49,0,1,1
2,0,0,1,49,12,36,0,1,1
2,0,1,0,45,15,71,0,1,1
3,0,0,1,25,16,52,0,0,1
3,1,0,1,24,11,39,0,0,1
3,0,1,1,22,12,32,0,0,1
3,0,1,1,55,12,36,0,0,1
3,1,1,1,22,14,29,0,0,1
3,0,0,1,42,12,36,0,0,1
3,1,1,1,63,8,33,0,0,1
3,0,1,1,54,10,39,0,0,1
3,1,1,0,40,6,26,0,0,1
3,1,1,1,65,12,36,0,0,1
3,1,0,1,42,15,62,0,0,1
3,1,0,1,48,14,50,0,0,1
3,1,1,1,24,12,36,0,0,1
3,0,0,1,38,15,61,0,0,1
3,1,1,1,72,18,68,0,0,1
3,0,0,1,53,16,52,0,0,1
3,0,0,1,64,8,32,0,0,1
3,1,0,1,61,14,36,0,0,1
3,1,0,1,56,18,76,0,0,1
3,0,0,1,74,8,32,0,0,1
3,1,1,1,26,18,43,0,0,1
3,0,1,1,65,13,69,0,0,1
3,0,0,1,70,6,50,0,0,1
3,0,1,0,19,11,16,0,0,1
3,1,0,0,28,8,31,0,0,1
3,0,1,1,41,8,19,0,0,1
3,1,1,1,40,19,76,0,0,1
3,1,0,1,72,8,41,0,0,1
3,0,0,1,21,11,20,0,0,1
3,0,0,1,30,12,36,0,0,1
3,1,1,1,27,14,16,0,0,1
3,1,0,1,75,12,50,0,0,1
3,1,0,1,33,17,62,0,0,1
3,1,1,1,45,12,51,0,0,1
3,1,1,1,51,18,50,0,0,1
3,0,0,0,55,7,23,0,0,1
3,1,0,1,36,12,46,0,0,1
3,0,1,1,20,12,49,0,0,1
3,0,0,0,50,7,18,0,0,1
3,0,0,1,23,11,34,0,0,1
3,1,1,1,45,17,57,0,0,1
3,0,0,1,39,12,34,0,0,1
3,0,0,1,23,12,20,0,0,1
3,0,1,1,27,11,17,0,0,1
3,0,0,1,23,13,42,0,0,1
3,1,0,1,27,16,36,0,0,1
3,0,1,1,42,14,50,0,0,1
3,0,0,1,50,12,31,0,0,1
3,1,0,1,53,16,35,0,0,1
3,1,1,1,32,14,37,0,0,1
3,0,0,1,53,12,50,0,0,1
3,1,0,0,48,14,48,0,0,1
3,0,1,0,49,9,24,0,0,1
3,1,0,1,50,12,40,0,0,1
3,1,1,1,43,13,33,0,0,1
3,0,0,1,61,16,60,0,0,1
3,0,1,1,28,12,37,0,0,1
3,0,0,1,58,12,25,0,0,1
3,1,1,1,66,14,50,0,0,1
3,1,0,1,55,14,62,0,0,1
3,1,1,0,24,10,26,0,0,1
3,0,1,1,36,13,47,0,0,1
3,1,0,1,68,15,43,0,0,1
3,0,0,1,24,12,34,0,0,1
3,1,0,1,43,14,50,0,0,1
3,0,0,1,60,12,34,0,0,1
3,0,1,1,73,7,37,0,0,1
3,0,1,1,65,17,60,0,0,1
3,0,0,0,56,12,14,0,0,1
3,1,0,0,56,16,62,0,0,1
3,0,0,1,39,12,46,0,0,1
3,1,1,1,41,18,50,0,0,1
3,1,0,1,28,16,57,0,0,1
3,1,0,1,60,13,34,0,0,1
3,0,0,0,37,11,43,0,0,1
3,1,0,1,28,16,61,0,0,1
3,0,0,1,34,12,33,0,0,1
3,1,1,1,38,19,76,0,0,1
3,0,1,1,28,12,32,0,0,1
3,1,1,1,75,12,40,0,0,1
3,1,1,1,27,16,67,0,0,1
3,0,1,1,42,16,50,0,0,1
3,0,0,1,20,11,20,0,0,1
3,0,0,0,25,9,32,0,0,1
3,1,1,1,24,16,63,0,0,1
3,1,0,1,56,12,41,0,0,1
3,1,0,1,39,12,36,0,0,1
3,0,0,1,67,16,31,0,0,1
3,1,0,0,43,12,42,0,0,1
3,0,1,1,60,10,37,0,0,1
3,1,0,1,35,15,62,0,0,1
3,1,0,1,29,16,50,0,0,1
3,0,1,1,23,13,45,0,0,1
3,1,0,1,24,12,41,0,0,1
3,1,0,1,25,16,60,0,0,1
3,0,1,1,55,9,50,0,0,1
3,0,0,1,28,12,36,0,0,1
3,0,1,0,36,16,68,0,0,1
3,1,1,1,53,12,36,0,0,1
3,0,1,1,59,17,61,0,0,1
3,1,0,1,59,11,50,0,0,1
3,0,0,0,33,12,18,0,0,1
3,1,0,1,28,12,36,0,0,1
3,0,0,1,19,12,20,0,0,1
3,0,0,1,37,13,36,0,0,1
3,1,1,1,67,18,63,0,0,1
3,1,1,1,34,12,61,0,0,1
3,1,0,1,79,13,46,0,0,1
3,0,0,0,59,4,16,0,0,1
3,1,1,1,28,14,57,0,0,1
3,0,0,1,49,12,47,0,0,1
3,1,0,1,55,12,39,0,0,1
3,0,1,1,63,15,61,0,0,1
3,0,0,1,41,12,46,0,0,1
3,1,0,1,29,14,20,0,0,1
3,1,0,1,42,9,36,0,0,1
3,1,1,1,29,12,37,0,0,1
3,0,1,1,33,14,34,0,0,1
3,0,0,1,34,16,46,0,0,1
3,0,1,1,34,11,17,0,0,1
3,1,1,1,39,12,39,0,0,1
3,1,1,0,19,14,26,0,0,1
3,0,1,1,28,18,78,0,0,1
3,1,1,1,40,12,17,0,0,1
3,1,1,1,26,12,39,0,0,1
3,1,0,1,27,16,51,0,0,1
3,0,0,1,34,16,50,0,0,1
3,1,0,1,25,17,60,0,0,1
3,0,1,1,27,18,63,0,0,1
3,0,1,1,76,8,40,0,0,1
3,1,0,1,38,15,62,0,0,1
3,1,1,1,79,15,56,0,0,1
3,1,0,1,43,12,60,0,0,1
3,1,1,1,45,12,56,0,0,1
3,1,1,1,28,15,51,0,0,1
3,1,0,1,18,11,34,0,0,1
3,0,1,1,46,16,51,0,0,1
3,0,1,1,26,12,27,0,0,1
3,1,1,1,51,12,28,0,0,1
3,0,0,1,20,13,20,0,0,1
3,0,0,0,65,7,22,0,0,1
3,1,0,1,49,12,43,0,0,1
3,1,1,1,24,14,22,0,0,1
3,1,0,1,38,13,32,0,0,1
3,1,0,1,27,12,34,0,0,1
3,1,0,1,36,14,46,0,0,1
3,1,0,1,27,12,36,0,0,1
3,0,0,1,65,6,40,0,0,1
3,1,0,1,27,12,20,0,0,1
3,1,1,1,25,12,36,0,0,1
3,1,0,1,31,13,50,0,0,1
3,0,0,1,55,13,46,0,0,1
3,1,0,1,39,5,32,0,0,1
3,0,0,1,62,12,27,0,0,1
3,0,0,1,52,12,37,0,0,1
3,0,1,1,59,12,41,0,0,1
3,0,1,1,38,15,54,0,0,1
3,0,0,1,30,11,32,0,0,1
3,1,0,1,35,16,62,0,0,1
3,0,1,1,76,16,50,0,0,1
3,0,1,1,21,12,34,0,0,1
3,0,0,1,36,12,25,0,0,1
3,0,0,1,54,12,61,0,0,1
3,1,0,1,55,12,72,0,0,1
3,0,0,0,49,16,43,0,0,1
3,0,1,0,32,12,33,0,0,1
3,0,0,1,75,16,63,0,0,1
3,0,0,1,65,10,31,0,0,1
3,0,0,1,34,16,34,0,0,1
3,0,1,0,35,12,17,0,0,1
3,1,0,1,54,12,36,0,0,1
3,1,0,1,25,12,50,0,0,1
3,1,1,1,40,16,50,0,0,1
3,1,0,1,35,12,34,0,0,1
3,0,0,1,62,16,60,0,0,1
3,1,0,1,46,15,57,0,0,1
3,0,0,1,64,17,50,0,0,1
3,0,0,1,43,14,40,0,0,1
3,0,1,1,26,13,38,0,0,1
3,0,1,1,26,13,50,0,0,1
3,1,0,1,28,9,38,0,0,1
3,1,1,1,37,12,30,0,0,1
3,1,1,1,31,12,41,0,0,1
3,0,1,1,47,12,47,0,0,1
3,0,1,1,24,14,37,0,0,1
3,0,0,1,25,16,36,0,0,1
3,1,1,1,38,12,33,0,0,1
3,1,0,0,25,11,60,0,0,1
3,1,0,1,25,16,62,0,0,1
3,0,1,1,39,16,60,0,0,1
3,1,0,1,80,12,61,0,0,1
3,0,1,1,35,11,29,0,0,1
3,1,1,1,39,16,61,0,0,1
3,1,0,0,27,20,68,0,0,1
3,0,1,1,23,16,22,0,0,1
3,1,0,1,66,12,36,0,0,1
3,0,0,1,49,15,62,0,0,1
3,1,1,1,72,12,49,0,0,1
3,0,1,1,49,16,34,0,0,1
3,0,1,1,25,16,32,0,0,1
3,1,1,0,28,12,29,0,0,1
3,0,1,1,22,12,33,0,0,1
3,1,0,1,78,11,36,0,0,1
3,0,0,0,31,11,33,0,0,1
3,1,1,1,46,12,34,0,0,1
3,0,0,1,27,12,31,0,0,1
3,0,0,1,35,18,63,0,0,1
3,1,0,1,49,17,78,0,0,1
3,1,0,1,61,8,22,0,0,1
3,0,1,1,21,12,14,0,0,1
3,1,0,1,21,13,36,0,0,1
3,1,0,1,28,12,36,0,0,1
3,0,0,1,55,13,50,0,0,1
3,1,1,1,59,19,43,0,0,1
3,0,0,1,31,12,32,0,0,1
3,1,0,1,42,13,39,0,0,1
3,0,0,1,42,10,34,0,0,1
3,0,1,0,45,15,61,0,0,1
3,0,1,1,28,16,76,0,0,1
3,1,1,0,55,1,50,0,0,1
3,0,0,1,34,11,31,0,0,1
3,1,1,1,47,11,47,0,0,1
3,0,1,1,24,13,34,0,0,1
3,0,1,1,70,12,30,0,0,1
3,1,1,0,53,15,49,0,0,1
3,1,0,1,69,12,26,0,0,1
3,1,1,0,63,12,32,0,0,1
3,1,1,1,61,6,23,0,0,1
3,1,1,1,21,12,40,0,0,1
3,0,1,0,25,12,32,0,0,1
3,0,0,1,28,19,78,0,0,1
3,0,0,1,73,11,48,0,0,1
3,0,1,1,37,12,50,0,0,1
3,0,1,1,66,14,34,0,0,1
3,1,0,1,45,11,15,0,0,1
3,1,0,1,38,12,47,0,0,1
3,0,1,1,53,16,36,0,0,1
3,1,0,1,66,12,33,0,0,1
3,1,0,1,38,12,36,0,0,1
3,0,1,1,23,16,60,0,0,1
3,0,0,1,21,12,46,0,0,1
3,1,1,1,85,8,30,0,0,1
3,1,0,1,48,12,36,0,0,1
3,0,0,1,47,12,62,0,0,1
3,1,1,1,31,12,24,0,0,1
3,1,0,0,60,10,42,0,0,1
3,0,1,1,50,12,50,0,0,1
3,1,0,1,27,14,25,0,0,1
3,1,1,1,27,12,48,0,0,1
3,0,0,0,57,4,18,0,0,1
3,1,0,1,25,14,17,0,0,1
3,1,1,1,52,16,27,0,0,1
3,0,0,1,41,8,27,0,0,1
3,1,0,1,32,12,50,0,0,1
3,0,0,1,24,16,61,0,0,1
3,0,1,1,24,12,33,0,0,1
3,1,0,1,49,12,45,0,0,1
3,0,0,1,58,12,46,0,0,1
3,0,0,0,65,4,18,0,0,1
3,1,1,1,50,12,50,0,0,1
3,1,1,1,22,12,17,0,0,1
3,1,1,1,33,12,40,0,0,1
3,1,0,1,77,14,46,0,0,1
3,0,0,1,26,12,44,0,0,1
3,1,0,0,29,12,45,0,0,1
3,0,0,1,31,12,27,0,0,1
3,0,1,1,30,12,27,0,0,1
3,1,1,1,20,11,41,0,0,1
3,0,0,1,20,12,39,0,0,1
3,1,1,1,32,17,67,0,0,1
3,1,0,1,29,17,46,0,0,1
3,1,0,1,42,11,39,0,0,1
3,0,0,1,19,12,46,0,0,1
3,1,0,1,26,10,39,0,0,1
3,1,0,1,32,20,78,0,0,1
3,0,0,1,61,12,36,0,0,1
3,0,0,0,22,13,46,0,0,1
3,1,1,1,66,13,50,0,0,1
3,1,0,1,27,12,20,0,0,1
3,1,0,1,22,15,62,0,0,1
3,0,1,1,29,9,32,0,0,1
3,0,0,1,31,12,44,0,0,1
3,0,0,1,52,12,36,0,0,1
3,1,1,1,41,12,33,0,0,1
3,0,1,1,79,8,41,0,0,1
3,0,0,0,52,12,18,0,0,1
3,0,1,1,54,12,28,0,0,1
3,1,0,1,53,16,61,0,0,1
3,0,0,0,32,12,18,0,0,1
3,1,0,1,21,15,20,0,0,1
3,1,0,1,28,12,46,0,0,1
3,1,0,1,39,12,61,0,0,1
3,0,1,1,38,12,37,0,0,1
3,1,0,1,19,12,15,0,0,1
3,0,0,1,61,17,52,0,0,1
3,1,1,1,42,12,45,0,0,1
3,1,1,1,46,12,41,0,0,1
3,0,1,1,25,12,32,0,0,1
3,0,0,1,77,8,29,0,0,1
3,1,0,1,51,14,48,0,0,1
3,1,1,1,28,13,48,0,0,1
3,0,0,1,21,13,34,0,0,1
3,1,0,1,40,11,17,0,0,1
3,1,1,1,51,14,47,0,0,1
3,0,0,1,26,12,36,0,0,1
3,0,1,1,42,13,32,0,0,1
3,1,1,1,27,11,35,0,0,1
3,0,0,1,26,12,20,0,0,1
3,0,1,1,37,11,32,0,0,1
3,1,1,1,45,19,60,0,0,1
3,1,1,1,59,17,44,0,0,1
3,0,1,1,53,14,50,0,0,1
3,0,0,1,35,16,60,0,0,1
3,1,1,0,23,16,47,0,0,1
3,1,0,1,45,12,31,0,0,1
3,1,1,1,33,12,45,0,0,1
3,0,1,0,36,13,47,0,0,1
3,0,0,1,39,12,36,0,0,1
3,1,0,1,59,11,31,0,0,1
3,1,0,1,35,13,56,0,0,1
3,1,1,1,32,12,17,0,0,1
3,0,1,1,27,12,35,0,0,1
3,0,1,1,45,14,50,0,0,1
3,0,1,1,72,7,22,0,0,1
3,1,0,1,32,16,57,0,0,1
3,1,0,1,67,7,41,0,0,1
3,1,0,1,68,14,50,0,0,1
3,0,1,1,67,8,41,0,0,1
3,0,1,0,30,6,40,0,0,1
3,0,0,1,30,13,56,0,0,1
3,0,1,1,48,20,69,0,0,1
3,1,0,1,70,12,62,0,0,1
3,0,0,1,65,12,36,0,0,1
3,1,1,1,22,15,26,0,0,1
3,1,1,1,41,12,50,0,0,1
3,1,1,1,27,14,39,0,0,1
3,1,1,1,36,20,82,0,0,1
3,1,1,1,29,11,50,0,0,1
3,1,1,1,53,12,34,0,0,1
3,0,1,1,39,12,35,0,0,1
3,0,0,1,57,12,46,0,0,1
3,0,1,1,42,12,40,0,0,1
3,0,0,1,58,11,43,0,0,1
3,0,1,1,27,14,40,0,0,1
3,1,0,1,41,13,28,0,0,1
3,1,1,1,62,16,51,0,0,1
3,0,1,1,66,8,39,0,0,1
3,0,1,1,36,15,32,0,0,1
3,1,0,1,27,15,56,0,0,1
3,0,1,1,37,13,34,0,0,1
3,0,0,1,40,12,22,0,0,1
3,1,0,1,81,12,36,0,0,1
3,1,1,1,28,14,50,0,0,1
3,0,0,1,20,12,19,0,0,1
3,1,1,1,62,5,32,0,0,1
3,0,0,1,47,13,61,0,0,1
3,0,1,1,25,16,47,0,0,1
3,1,0,1,47,12,45,0,0,1
3,1,0,1,19,12,12,0,0,1
3,1,1,1,23,12,37,0,0,1
3,0,1,1,66,8,33,0,0,1
3,0,0,1,58,12,62,0,0,1
3,0,1,1,37,18,78,0,0,1
3,1,1,1,29,12,35,0,0,1
3,1,0,1,66,12,22,0,0,1
3,1,1,1,70,15,47,0,0,1
3,0,0,1,63,12,32,0,0,1
3,1,0,1,27,13,55,0,0,1
3,1,0,1,51,11,57,0,0,1
3,1,0,1,66,12,50,0,0,1
3,0,1,1,22,8,18,0,0,1
3,0,1,0,24,12,17,0,0,1
3,1,1,1,30,4,45,0,0,1
3,1,0,1,30,13,32,0,0,1
3,0,0,1,26,16,50,0,0,1
3,0,1,1,24,13,29,0,0,1
3,0,0,1,38,12,41,0,0,1
3,1,1,1,27,14,26,0,0,1
3,0,1,1,20,11,18,0,0,1
3,0,1,1,57,14,34,0,0,1
3,0,0,1,67,8,33,0,0,1
3,0,1,1,37,18,51,0,0,1
3,0,0,0,33,11,26,0,0,1
3,0,1,1,74,8,26,0,0,1
3,1,0,1,37,12,51,0,0,1
3,0,0,1,60,16,63,0,0,1
3,0,0,1,24,12,36,0,0,1
3,0,1,1,74,6,45,0,0,1
3,1,1,0,24,14,40,0,0,1
3,0,0,0,31,17,61,0,0,1
3,0,1,1,24,9,17,0,0,1
3,1,1,1,44,12,56,0,0,1
3,1,1,1,34,14,16,0,0,1
3,0,1,1,27,14,23,0,0,1
3,0,1,1,53,12,41,0,0,1
3,1,0,1,46,12,45,0,0,1
3,0,1,1,22,9,16,0,0,1
3,1,1,1,34,12,49,0,0,1
3,1,1,0,23,18,51,0,0,1
3,1,0,1,40,16,46,0,0,1
3,0,0,1,30,16,34,0,0,1
3,1,0,1,78,8,18,0,0,1
3,1,1,1,69,15,71,0,0,1
3,1,1,1,69,14,41,0,0,1
3,0,0,1,33,12,28,0,0,1
3,1,0,1,63,10,20,0,0,1
3,1,0,0,38,15,60,0,0,1
3,1,0,1,30,12,32,0,0,1
3,0,0,0,29,12,45,0,0,1
3,0,0,1,56,12,30,0,0,1
3,0,0,1,30,7,18,0,0,1
3,1,0,1,56,12,46,0,0,1
3,0,1,0,34,12,47,0,0,1
3,1,1,1,42,12,57,0,0,1
3,1,1,1,29,12,47,0,0,1
3,0,0,1,58,6,19,0,0,1
3,0,0,1,68,12,46,0,0,1
3,0,1,1,46,12,48,0,0,1
3,1,0,1,74,8,61,0,0,1
3,0,1,1,41,14,50,0,0,1
3,0,0,0,32,12,60,0,0,1
3,0,1,0,36,11,32,0,0,1
3,1,0,1,40,8,31,0,0,1
3,1,0,1,51,12,27,0,0,1
3,1,1,0,43,13,40,0,0,1
3,0,0,1,59,16,63,0,0,1
3,0,1,1,19,11,30,0,0,1
3,1,1,1,37,18,36,0,0,1
3,0,1,1,71,4,23,0,0,1
3,1,1,1,38,14,51,0,0,1
3,0,1,1,26,12,40,0,0,1
3,1,1,1,34,12,23,0,0,1
3,0,0,1,31,14,46,0,0,1
3,0,0,1,53,7,25,0,0,1
3,0,1,1,42,16,47,0,0,1
3,0,0,1,46,11,28,0,0,1
3,0,0,1,35,12,46,0,0,1
3,0,0,1,34,15,43,0,0,1
3,0,0,0,65,10,23,0,0,1
3,0,1,0,36,10,36,0,0,1
3,1,1,1,50,12,41,0,0,1
3,1,0,1,72,14,42,0,0,1
3,1,1,1,37,17,69,0,0,1
3,1,0,1,27,12,45,0,0,1
3,0,1,1,59,8,50,0,0,1
3,1,1,1,26,17,69,0,0,1
3,0,1,1,33,12,47,0,0,1
3,0,0,1,73,10,31,0,0,1
3,1,0,1,31,12,36,0,0,1
3,1,0,1,40,12,32,0,0,1
3,1,1,1,72,8,32,0,0,1
3,0,0,0,86,5,14,0,0,1
3,0,0,0,66,4,18,0,0,1
3,1,0,0,54,11,17,0,0,1
3,1,1,1,20,12,22,0,0,1
3,0,0,0,40,12,15,0,0,1
3,1,1,1,36,16,68,0,0,1
3,1,1,1,48,19,63,0,0,1
3,0,0,1,21,13,34,0,0,1
3,0,1,1,23,14,29,0,0,1
3,0,0,1,28,15,36,0,0,1
3,0,1,0,30,14,29,0,0,1
3,1,1,0,36,14,32,0,0,1
3,1,1,1,36,14,40,0,0,1
3,0,0,1,26,12,48,0,0,1
3,0,0,0,32,14,48,0,0,1
3,0,1,1,22,12,34,0,0,1
3,0,1,1,51,12,49,0,0,1
3,1,0,1,80,7,23,0,0,1
3,0,1,1,26,13,35,0,0,1
3,1,1,1,39,20,63,0,0,1
3,0,1,1,57,12,37,0,0,1
3,1,1,1,66,12,48,0,0,1
3,1,0,1,25,13,50,0,0,1
3,1,0,1,62,12,36,0,0,1
3,1,0,1,76,12,26,0,0,1
3,0,0,1,62,14,42,0,0,1
3,0,0,1,51,18,74,0,0,1
3,0,1,1,65,12,38,0,0,1
3,0,1,1,36,18,37,0,0,1
3,1,0,1,24,17,36,0,0,1
3,0,0,1,38,12,46,0,0,1
3,0,0,1,20,12,36,0,0,1
3,1,1,1,48,12,49,0,0,1
3,1,0,1,41,13,25,0,0,1
3,0,1,1,31,12,50,0,0,1
3,1,1,1,19,10,26,0,0,1
3,1,1,1,35,15,49,0,0,1
3,1,0,1,29,11,31,0,0,1
3,1,1,1,37,12,50,0,0,1
3,1,1,1,75,18,76,0,0,1
3,1,0,1,58,12,48,0,0,1
3,0,1,1,29,12,31,0,0,1
3,1,0,1,41,12,48,0,0,1
3,0,1,1,58,9,40,0,0,1
3,1,0,0,47,10,18,0,0,1
3,1,1,1,44,12,50,0,0,1
3,1,1,1,49,18,50,0,0,1
3,0,1,1,33,11,30,0,0,1
3,0,1,1,30,16,61,0,0,1
3,0,0,1,77,14,50,0,0,1
3,0,0,1,42,12,45,0,0,1
3,1,0,1,47,9,16,0,0,1
3,0,1,1,27,12,22,0,0,1
3,0,0,1,50,15,44,0,0,1
3,1,0,1,36,14,50,0,0,1
3,0,0,1,58,12,62,0,0,1
3,1,0,0,51,11,48,0,0,1
3,1,1,1,21,12,50,0,0,1
3,0,1,1,63,11,40,0,0,1
3,0,1,1,29,12,28,0,0,1
3,1,0,1,74,14,51,0,0,1
3,0,0,1,56,10,29,0,0,1
3,1,0,1,55,13,42,0,0,1
3,1,1,1,39,12,49,0,0,1
3,0,1,1,39,16,56,0,0,1
3,0,1,1,25,16,63,0,0,1
3,0,0,0,33,12,40,0,0,1
3,1,1,0,56,12,18,0,0,1
3,1,0,1,33,14,36,0,0,1
3,0,0,1,19,12,20,0,0,1
3,1,1,1,28,12,23,0,0,1
3,0,1,1,24,13,35,0,0,1
3,1,0,0,48,12,33,0,0,1
3,0,0,1,42,16,60,0,0,1
3,1,0,1,24,16,60,0,0,1
3,0,1,1,45,10,17,0,0,1
3,0,0,1,37,19,51,0,0,1
3,0,1,1,31,19,69,0,0,1
3,1,1,1,42,16,47,0,0,1
3,1,1,1,55,12,22,0,0,1
3,0,1,1,60,12,47,0,0,1
3,0,1,1,58,12,40,0,0,1
3,0,0,1,48,12,57,0,0,1
3,1,0,1,48,8,32,0,0,1
3,0,1,1,29,9,40,0,0,1
3,0,0,1,22,12,36,0,0,1
3,1,0,1,63,18,78,0,0,1
3,1,0,1,35,12,16,0,0,1
3,0,0,1,47,16,22,0,0,1
3,0,1,1,30,16,29,0,0,1
3,0,1,1,26,14,44,0,0,1
3,1,1,0,33,14,51,0,0,1
3,1,1,1,25,17,58,0,0,1
3,1,0,1,39,16,61,0,0,1
3,0,0,0,38,14,36,0,0,1
3,1,1,1,39,14,17,0,0,1
3,0,1,1,29,14,32,0,0,1
3,0,1,1,26,15,50,0,0,1
3,0,0,0,26,16,60,0,0,1
3,0,1,1,41,16,47,0,0,1
3,1,1,1,53,10,37,0,0,1
3,0,0,1,66,12,40,0,0,1
3,0,0,1,23,12,48,0,0,1
3,0,0,1,27,11,43,0,0,1
3,1,1,1,34,14,50,0,0,1
3,1,0,1,74,3,36,0,0,1
3,0,1,1,21,12,47,0,0,1
3,0,1,1,46,20,57,0,0,1
3,1,0,0,64,8,28,0,0,1
3,0,0,1,36,16,63,0,0,1
3,1,0,1,25,11,31,0,0,1
3,0,1,1,26,10,27,0,0,1
3,0,1,1,89,12,47,0,0,1
3,0,1,1,54,12,36,0,0,1
3,0,1,1,27,14,48,0,0,1
3,0,1,1,63,10,40,0,0,1
3,0,0,1,46,10,26,0,0,1
3,0,1,1,33,12,45,0,0,1
3,0,0,1,71,6,12,0,0,1
3,1,0,1,29,10,32,0,0,1
3,1,0,0,29,9,25,0,0,1
3,0,0,1,72,14,60,0,0,1
3,0,0,1,28,12,32,0,0,1
3,0,0,0,55,14,46,0,0,1
3,0,1,0,49,10,17,0,0,1
3,0,0,0,37,15,36,0,0,1
3,0,0,1,33,15,62,0,0,1
3,0,0,1,50,12,50,0,0,1
3,1,0,1,30,16,78,0,0,1
3,1,1,1,28,13,32,0,0,1
3,0,0,1,25,14,47,0,0,1
3,1,0,1,44,16,57,0,0,1
3,0,0,1,31,14,51,0,0,1
3,1,0,0,51,12,32,0,0,1
3,1,0,1,52,12,46,0,0,1
3,0,1,1,24,12,51,0,0,1
3,0,1,1,21,14,26,0,0,1
3,1,1,1,31,16,41,0,0,1
3,0,0,1,75,8,43,0,0,1
3,1,0,1,60,10,46,0,0,1
3,0,1,1,49,15,47,0,0,1
3,0,1,1,48,12,33,0,0,1
3,0,0,1,35,11,27,0,0,1
3,1,1,1,28,14,17,0,0,1
3,0,0,1,80,8,32,0,0,1
3,0,1,1,20,12,29,0,0,1
3,0,1,0,27,16,69,0,0,1
3,0,0,1,54,12,46,0,0,1
3,0,0,1,48,7,20,0,0,1
3,0,0,1,63,8,18,0,0,1
3,0,0,1,60,12,36,0,0,1
3,0,0,1,30,17,60,0,0,1
3,1,0,1,21,12,41,0,0,1
3,0,0,0,41,12,36,0,0,1
3,0,1,1,40,20,50,0,0,1
3,1,0,0,48,9,36,0,0,1
3,1,1,0,24,12,41,0,0,1
3,1,0,1,55,12,26,0,0,1
3,0,0,1,80,18,46,0,0,1
3,0,1,1,27,16,47,0,0,1
3,0,0,1,45,12,19,0,0,1
3,1,0,1,67,11,34,0,0,1
3,0,1,1,24,13,43,0,0,1
3,0,0,1,24,12,43,0,0,1
3,0,0,1,30,16,36,0,0,1
3,0,1,1,28,10,19,0,0,1
3,0,0,1,42,12,48,0,0,1
3,0,1,1,28,11,22,0,0,1
3,0,0,1,35,12,36,0,0,1
3,0,1,1,44,8,33,0,0,1
3,0,1,0,53,5,18,0,0,1
3,1,1,1,21,12,28,0,0,1
3,1,1,1,31,16,71,0,0,1
3,0,0,1,36,17,60,0,0,1
3,0,1,1,50,6,17,0,0,1
3,0,1,1,24,13,30,0,0,1
3,1,1,1,34,19,63,0,0,1
3,1,1,1,31,15,57,0,0,1
3,0,0,0,24,12,34,0,0,1
3,1,0,1,30,20,62,0,0,1
3,1,0,1,44,16,63,0,0,1
3,0,0,0,39,12,36,0,0,1
3,1,1,1,22,12,34,0,0,1
3,0,1,1,33,19,61,0,0,1
3,0,1,1,27,18,60,0,0,1
3,0,0,1,25,16,63,0,0,1
3,0,0,1,34,14,51,0,0,1
3,0,0,1,34,12,34,0,0,1
3,1,0,1,45,10,20,0,0,1
3,0,0,0,62,12,56,0,0,1
3,0,0,1,78,8,18,0,0,1
3,0,0,1,23,12,29,0,0,1
3,1,1,0,34,13,44,0,0,1
3,0,1,1,64,8,40,0,0,1
3,1,1,1,34,10,28,0,0,1
3,1,1,1,48,17,76,0,0,1
3,0,1,0,23,10,28,0,0,1
3,1,0,1,67,9,25,0,0,1
3,1,1,1,25,11,48,0,0,1
3,0,1,1,44,16,50,0,0,1
3,1,0,1,65,12,45,0,0,1
3,1,0,1,78,10,36,0,0,1
3,0,1,1,31,11,32,0,0,1
3,0,0,1,28,12,34,0,0,1
3,0,0,1,70,9,36,0,0,1
3,0,1,1,22,13,27,0,0,1
3,1,0,0,67,12,33,0,0,1
3,1,0,1,57,13,39,0,0,1
3,1,0,1,89,16,78,0,0,1
3,1,1,1,42,11,17,0,0,1
3,0,1,1,19,12,17,0,0,1
3,1,0,1,52,11,31,0,0,1
3,0,1,1,52,8,40,0,0,1
3,1,1,1,70,12,36,0,0,1
3,1,1,1,27,20,47,0,0,1
3,1,0,0,23,12,17,0,0,1
3,1,0,1,72,11,36,0,0,1
3,0,0,1,35,10,27,0,0,1
3,1,1,1,68,12,46,0,0,1
3,0,0,1,54,12,50,0,0,1
3,1,0,1,79,8,18,0,0,1
3,0,0,1,21,12,48,0,0,1
3,0,1,1,44,8,32,0,0,1
3,0,0,1,23,12,34,0,0,1
3,0,0,1,21,14,32,0,0,1
3,1,1,1,37,14,50,0,0,1
3,0,0,1,28,13,27,0,0,1
3,0,0,1,40,11,32,0,0,1
3,1,0,1,39,12,32,0,0,1
3,0,1,0,23,14,22,0,0,1
3,0,1,1,71,14,36,0,0,1
3,0,0,1,40,12,62,0,0,1
3,0,0,1,30,14,46,0,0,1
3,1,1,0,45,16,72,0,0,1
3,1,0,1,32,12,34,0,0,1
3,0,1,1,25,14,22,0,0,1
3,1,0,1,66,12,35,0,0,1
3,1,1,1,41,20,78,0,0,1
3,1,0,1,75,10,42,0,0,1
3,0,1,1,30,16,34,0,0,1
3,0,0,1,22,12,27,0,0,1
3,0,1,1,22,15,17,0,0,1
3,1,1,0,39,16,48,0,0,1
3,0,1,1,45,8,37,0,0,1
3,1,1,1,23,15,34,0,0,1
3,0,0,0,26,12,26,0,0,1
3,1,1,1,21,14,36,0,0,1
3,0,0,0,57,12,18,0,0,1
3,0,0,1,26,13,27,0,0,1
3,1,1,1,42,20,78,0,0,1
3,0,1,1,39,12,22,0,0,1
3,0,0,1,72,6,26,0,0,1
3,0,1,1,48,12,23,0,0,1
3,0,0,1,20,14,45,0,0,1
3,0,0,1,42,12,46,0,0,1
3,0,1,1,46,10,27,0,0,1
3,0,1,1,35,16,57,0,0,1
3,0,1,1,81,5,36,0,0,1
3,0,0,1,22,12,31,0,0,1
3,1,0,1,38,14,46,0,0,1
3,1,1,1,23,14,18,0,0,1
3,1,1,1,23,10,40,0,0,1
3,0,1,1,24,16,50,0,0,1
3,1,0,1,32,11,20,0,0,1
3,1,1,1,40,16,57,0,0,1
3,0,0,0,26,14,42,0,0,1
3,1,1,1,89,14,48,0,0,1
3,1,1,1,70,9,50,0,0,1
3,1,1,1,37,10,23,0,0,1
3,1,1,1,30,13,78,0,0,1
3,1,0,1,35,14,48,0,0,1
3,0,1,1,49,16,71,0,0,1
3,1,1,0,23,12,29,0,0,1
3,0,0,1,57,12,34,0,0,1
3,1,0,0,55,9,36,0,0,1
3,0,1,1,20,12,23,0,0,1
3,1,1,1,43,13,40,0,0,1
3,0,1,1,47,16,50,0,0,1
3,0,0,1,48,14,41,0,0,1
3,0,0,1,57,7,15,0,0,1
3,0,1,1,35,12,39,0,0,1
3,0,0,1,22,12,41,0,0,1
3,1,1,1,42,10,30,0,0,1
3,1,1,1,36,14,34,0,0,1
3,1,1,1,64,3,32,0,0,1
3,1,1,1,45,12,50,0,0,1
3,0,0,1,40,12,31,0,0,1
3,1,0,1,28,16,61,0,0,1
3,0,0,1,51,13,46,0,0,1
3,0,0,1,19,11,14,0,0,1
3,0,0,1,32,17,60,0,0,1
3,1,0,0,51,14,63,0,0,1
3,1,0,1,36,19,37,0,0,1
3,0,0,1,30,18,60,0,0,1
3,1,1,1,36,18,76,0,0,1
3,0,0,1,60,12,48,0,0,1
3,0,0,1,55,14,50,0,0,1
3,1,0,1,70,8,31,0,0,1
3,0,0,1,55,13,38,0,0,1
3,0,1,1,56,18,71,0,0,1
3,0,0,1,21,12,23,0,0,1
3,0,0,1,57,11,29,0,0,1
3,1,0,1,53,16,60,0,0,1
3,0,0,1,55,16,46,0,0,1
3,1,1,1,22,12,38,0,0,1
3,0,0,1,38,18,63,0,0,1
3,1,0,0,25,14,39,0,0,1
3,0,1,0,37,14,69,0,0,1
3,0,0,1,59,12,32,0,0,1
3,0,1,0,63,3,41,0,0,1
3,0,0,1,51,12,62,0,0,1
3,1,0,1,75,7,12,0,0,1
3,1,1,1,21,12,37,0,0,1
3,0,0,1,28,12,45,0,0,1
3,1,1,1,65,18,35,0,0,1
3,0,0,1,43,16,51,0,0,1
3,1,1,1,40,12,35,0,0,1
3,0,0,1,50,12,46,0,0,1
3,0,1,1,44,12,50,0,0,1
3,0,0,1,36,16,51,0,0,1
3,1,1,1,31,8,36,0,0,1
3,0,1,1,67,13,57,0,0,1
3,0,0,1,52,14,61,0,0,1
3,1,1,1,28,17,51,0,0,1
3,0,0,1,36,13,46,0,0,1
3,0,0,1,25,17,63,0,0,1
3,1,1,1,38,12,37,0,0,1
3,1,0,0,36,10,27,0,0,1
3,1,0,1,42,15,52,0,0,1
3,0,1,1,42,10,27,0,0,1
3,0,1,1,28,20,67,0,0,1
3,1,0,1,69,12,36,0,0,1
3,0,1,1,59,14,47,0,0,1
3,0,0,0,53,9,18,0,0,1
3,1,0,1,65,9,29,0,0,1
3,0,1,1,22,14,14,0,0,1
3,0,0,1,48,12,32,0,0,1
3,0,1,1,24,9,29,0,0,1
3,0,1,1,28,11,17,0,0,1
3,0,1,1,36,13,45,0,0,1
3,0,1,1,28,12,37,0,0,1
3,1,0,1,25,7,22,0,0,1
3,0,0,1,55,12,50,0,0,1
3,0,1,1,52,16,71,0,0,1
3,1,1,1,72,8,36,0,0,1
3,0,1,1,43,14,50,0,0,1
3,0,1,1,33,14,50,0,0,1
3,1,0,0,55,12,50,0,0,1
3,0,1,1,38,12,36,0,0,1
3,0,0,1,26,13,46,0,0,1
3,1,0,1,55,12,31,0,0,1
3,1,0,1,24,12,46,0,0,1
3,0,0,1,26,13,22,0,0,1
3,0,0,1,28,14,46,0,0,1
3,1,0,1,43,12,72,0,0,1
3,0,0,1,58,12,29,0,0,1
3,0,0,1,56,13,48,0,0,1
3,1,1,1,37,14,50,0,0,1
3,0,0,1,53,12,50,0,0,1
3,0,0,1,31,14,34,0,0,1
3,0,1,1,52,7,47,0,0,1
3,1,1,1,42,13,28,0,0,1
3,0,1,1,41,12,28,0,0,1
3,1,0,1,34,13,36,0,0,1
3,1,1,1,34,18,50,0,0,1
3,0,0,1,53,9,17,0,0,1
3,1,1,1,45,13,32,0,0,1
3,1,1,1,31,14,40,0,0,1
3,1,0,1,60,9,34,0,0,1
3,0,0,1,31,12,46,0,0,1
3,0,0,1,57,7,19,0,0,1
3,0,0,1,26,11,48,0,0,1
3,0,1,1,46,20,63,0,0,1
3,0,1,1,59,16,50,0,0,1
3,0,1,0,26,12,36,0,0,1
3,1,1,1,55,12,22,0,0,1
3,1,0,1,30,9,32,0,0,1
3,0,1,1,32,16,60,0,0,1
3,0,0,1,41,12,39,0,0,1
3,1,0,1,34,16,50,0,0,1
3,0,0,1,26,16,34,0,0,1
3,1,0,1,77,16,60,0,0,1
3,1,0,0,57,11,22,0,0,1
3,1,0,0,25,16,36,0,0,1
3,0,0,1,39,10,19,0,0,1
3,1,1,1,46,13,37,0,0,1
3,1,0,1,32,12,46,0,0,1
3,0,0,1,37,12,46,0,0,1
3,0,1,1,38,13,50,0,0,1
3,0,1,1,59,9,40,0,0,1
3,1,0,1,65,13,36,0,0,1
3,0,1,1,44,7,36,0,0,1
3,0,0,1,33,12,18,0,0,1
3,0,0,1,38,6,36,0,0,1
3,0,0,1,25,13,50,0,0,1
3,1,0,1,49,18,72,0,0,1
3,0,0,1,60,12,46,0,0,1
3,0,0,1,83,8,20,0,0,1
3,0,0,0,71,9,18,0,0,1
3,0,1,1,67,8,16,0,0,1
3,0,1,1,58,15,33,0,0,1
3,1,0,0,28,10,36,0,0,1
3,1,1,0,40,3,40,0,0,1
3,0,1,1,26,16,37,0,0,1
3,0,0,1,49,12,34,0,0,1
4,1,0,0,61,16,52,0,0,0
4,0,0,1,49,8,36,0,0,0
4,0,0,1,25,12,48,0,0,0
4,1,0,1,65,11,50,0,0,0
4,0,0,1,49,12,36,0,0,0
4,0,1,1,61,12,46,0,0,0
4,0,0,1,58,8,19,0,0,0
4,1,1,1,23,12,27,0,0,0
4,1,0,0,55,14,52,0,0,0
4,0,0,1,37,12,25,0,0,0
4,0,0,0,47,16,46,0,0,0
4,0,1,1,27,18,63,0,0,0
4,0,1,1,40,14,51,0,0,0
4,1,0,1,68,8,27,0,0,0
4,1,0,1,33,13,46,0,0,0
4,1,1,1,52,9,49,0,0,0
4,1,1,1,55,12,36,0,0,0
4,0,0,1,49,12,41,0,0,0
4,0,0,1,28,12,37,0,0,0
4,0,0,1,47,12,58,0,0,0
4,0,1,1,31,20,61,0,0,0
4,0,0,1,20,12,23,0,0,0
4,1,0,1,53,7,25,0,0,0
4,1,0,1,29,14,44,0,0,0
4,1,1,1,36,18,51,0,0,0
4,0,1,1,51,12,50,0,0,0
4,0,0,1,78,12,46,0,0,0
4,1,1,1,42,19,41,0,0,0
4,1,0,0,44,13,45,0,0,0
4,0,0,1,25,12,47,0,0,0
4,0,0,1,34,12,34,0,0,0
4,0,0,1,28,9,25,0,0,0
4,1,1,1,37,16,47,0,0,0
4,1,1,0,54,14,40,0,0,0
4,0,0,1,42,16,60,0,0,0
4,1,0,1,33,10,12,0,0,0
4,1,0,0,41,12,34,0,0,0
4,1,0,1,28,12,50,0,0,0
4,1,1,1,27,11,45,0,0,0
4,0,0,1,31,18,50,0,0,0
4,0,0,0,31,6,26,0,0,0
4,1,0,1,21,12,39,0,0,0
4,1,1,1,36,20,58,0,0,0
4,0,0,1,49,18,60,0,0,0
4,1,0,1,27,15,50,0,0,0
4,1,1,1,50,12,49,0,0,0
4,0,1,1,51,12,32,0,0,0
4,0,0,1,52,12,33,0,0,0
4,0,0,1,42,18,63,0,0,0
4,1,0,1,33,12,38,0,0,0
4,1,0,0,29,15,51,0,0,0
4,1,0,1,35,14,57,0,0,0
4,1,1,1,34,14,50,0,0,0
4,0,0,1,23,16,63,0,0,0
4,0,0,0,44,11,22,0,0,0
4,1,0,1,66,12,46,0,0,0
4,1,0,0,36,9,41,0,0,0
4,1,1,1,32,14,48,0,0,0
4,0,0,1,53,14,57,0,0,0
4,1,0,1,42,14,46,0,0,0
4,0,0,1,39,12,50,0,0,0
4,0,0,1,19,11,22,0,0,0
4,1,1,1,35,10,32,0,0,0
4,0,0,1,73,10,26,0,0,0
4,0,0,1,29,13,42,0,0,0
4,0,0,1,32,12,46,0,0,0
4,1,1,1,30,12,47,0,0,0
4,1,1,1,38,16,44,0,0,0
4,0,1,1,30,13,37,0,0,0
4,0,0,1,32,17,60,0,0,0
4,0,0,1,39,13,46,0,0,0
4,1,1,1,65,12,50,0,0,0
4,0,0,1,44,15,36,0,0,0
4,0,0,1,35,12,46,0,0,0
4,0,0,1,33,11,14,0,0,0
4,1,0,1,29,12,46,0,0,0
4,1,0,1,46,16,52,0,0,0
4,1,0,1,30,16,42,0,0,0
4,1,0,1,45,12,36,0,0,0
4,1,0,0,35,14,31,0,0,0
4,1,0,1,23,14,36,0,0,0
4,1,1,1,28,9,40,0,0,0
4,1,0,1,41,12,50,0,0,0
4,1,0,1,24,14,51,0,0,0
4,0,0,1,41,16,34,0,0,0
4,0,1,1,36,16,78,0,0,0
4,0,1,1,64,6,26,0,0,0
4,1,0,1,21,14,50,0,0,0
4,0,0,1,49,7,20,0,0,0
4,0,0,1,21,13,20,0,0,0
4,0,1,1,21,7,32,0,0,0
4,0,0,1,48,12,46,0,0,0
4,1,0,1,25,16,63,0,0,0
4,0,0,1,24,13,62,0,0,0
4,1,1,1,74,13,36,0,0,0
4,0,0,0,28,14,45,0,0,0
4,0,1,1,20,14,31,0,0,0
4,1,0,1,56,16,60,0,0,0
4,1,0,1,33,13,48,0,0,0
4,0,0,1,22,14,46,0,0,0
4,1,0,1,20,12,31,0,0,0
4,1,1,1,44,10,17,0,0,0
4,0,0,1,29,10,34,0,0,0
4,1,0,0,26,15,57,0,0,0
4,1,0,1,68,12,36,0,0,0
4,0,0,1,39,19,60,0,0,0
4,1,0,1,49,14,48,0,0,0
4,0,0,1,34,16,60,0,0,0
4,1,0,0,28,15,61,0,0,0
4,1,0,1,32,12,39,0,0,0
4,0,0,1,25,18,36,0,0,0
4,0,1,1,26,16,50,0,0,0
4,0,0,1,34,10,25,0,0,0
4,1,0,0,43,16,22,0,0,0
4,0,0,1,31,17,34,0,0,0
4,0,0,1,48,12,46,0,0,0
4,0,0,0,88,9,19,0,0,0
4,0,0,1,20,10,15,0,0,0
4,0,0,1,69,5,16,0,0,0
4,0,0,1,22,12,27,0,0,0
4,1,0,1,33,12,46,0,0,0
4,1,0,1,46,15,50,0,0,0
4,1,0,1,33,15,61,0,0,0
4,0,0,1,65,10,29,0,0,0
4,0,0,1,30,17,63,0,0,0
4,0,1,0,56,11,12,0,0,0
4,0,0,1,55,12,31,0,0,0
4,0,0,1,71,6,26,0,0,0
4,0,0,1,40,12,36,0,0,0
4,1,0,1,68,8,17,0,0,0
4,1,0,1,48,12,46,0,0,0
4,1,0,0,47,18,76,0,0,0
4,1,0,1,37,15,51,0,0,0
4,1,0,1,80,11,40,0,0,0
4,1,0,1,32,12,48,0,0,0
4,0,0,1,53,8,22,0,0,0
4,0,0,1,35,14,26,0,0,0
4,0,1,0,37,18,60,0,0,0
4,1,0,1,32,16,25,0,0,0
4,1,1,0,50,17,60,0,0,0
4,0,0,1,37,12,27,0,0,0
4,1,0,1,47,14,61,0,0,0
4,1,1,1,43,14,45,0,0,0
4,0,1,1,27,14,40,0,0,0
4,1,0,0,43,16,62,0,0,0
4,1,0,1,49,12,27,0,0,0
4,0,0,1,45,12,31,0,0,0
4,0,0,1,36,12,62,0,0,0
4,0,0,1,39,13,44,0,0,0
4,0,0,1,48,10,19,0,0,0
4,0,0,1,31,10,25,0,0,0
4,1,0,1,37,13,50,0,0,0
4,0,0,1,43,12,42,0,0,0
4,1,0,1,42,19,76,0,0,0
4,0,1,1,33,20,60,0,0,0
4,0,0,1,39,12,41,0,0,0
4,1,0,1,78,12,31,0,0,0
4,0,0,1,38,12,46,0,0,0
4,1,0,1,60,17,60,0,0,0
4,0,0,1,53,11,36,0,0,0
4,0,0,1,54,12,46,0,0,0
4,0,0,0,33,15,31,0,0,0
4,0,0,1,42,12,46,0,0,0
4,1,1,0,20,12,32,0,0,0
4,1,0,1,44,16,34,0,0,0
4,1,0,1,62,8,16,0,0,0
4,0,0,1,54,12,45,0,0,0
4,1,0,1,37,15,62,0,0,0
4,0,0,0,55,7,18,0,0,0
4,0,1,1,21,12,17,0,0,0
4,1,1,1,58,18,78,0,0,0
4,1,0,0,26,17,52,0,0,0
4,1,0,1,27,14,48,0,0,0
4,0,0,1,35,15,20,0,0,0
4,1,0,1,69,16,36,0,0,0
4,1,0,1,35,14,26,0,0,0
4,1,1,0,34,18,51,0,0,0
4,1,1,1,31,16,22,0,0,0
4,1,0,1,35,18,78,0,0,0
4,0,1,1,37,17,78,0,0,0
4,0,1,1,51,11,37,0,0,0
4,0,0,1,35,11,32,0,0,0
4,0,0,1,65,10,20,0,0,0
4,1,1,1,45,13,36,0,0,0
4,0,0,1,55,8,28,0,0,0
4,0,0,1,20,13,36,0,0,0
4,1,1,1,76,13,45,0,0,0
4,0,0,1,33,12,35,0,0,0
4,1,0,1,36,13,36,0,0,0
4,0,0,0,29,10,19,0,0,0
4,1,0,1,31,13,42,0,0,0
4,1,1,1,48,12,50,0,0,0
4,1,0,1,23,10,18,0,0,0
4,1,0,1,24,12,41,0,0,0
4,0,0,1,38,12,32,0,0,0
4,1,0,0,38,13,22,0,0,0
4,0,0,1,41,11,32,0,0,0
4,0,1,1,34,11,44,0,0,0
4,1,0,1,33,14,36,0,0,0
4,1,0,1,45,12,46,0,0,0
4,0,0,1,52,13,46,0,0,0
4,1,0,1,31,13,63,0,0,0
4,0,0,1,29,12,33,0,0,0
4,0,0,1,19,12,34,0,0,0
4,0,1,0,68,4,29,0,0,0
4,0,0,1,27,13,39,0,0,0
4,1,0,1,27,12,56,0,0,0
4,1,0,0,40,12,46,0,0,0
4,0,0,1,22,12,36,0,0,0
4,0,0,1,40,15,28,0,0,0
4,1,0,1,38,12,50,0,0,0
4,1,0,1,25,18,20,0,0,0
4,0,0,1,74,7,25,0,0,0
4,1,0,1,36,18,60,0,0,0
4,1,0,0,24,10,25,0,0,0
4,1,0,0,58,8,14,0,0,0
4,0,1,1,48,4,17,0,0,0
4,0,0,1,54,16,63,0,0,0
4,0,0,1,33,12,50,0,0,0
4,1,0,1,57,12,17,0,0,0
4,0,0,1,23,11,34,0,0,0
4,0,1,1,20,12,45,0,0,0
4,0,0,1,35,15,58,0,0,0
4,0,0,1,38,13,43,0,0,0
4,0,1,1,37,18,67,0,0,0
4,0,0,1,32,16,60,0,0,0
4,1,1,1,24,15,22,0,0,0
4,1,0,0,56,18,43,0,0,0
4,0,1,0,39,16,63,0,0,0
4,0,1,1,26,12,15,0,0,0
4,0,1,1,69,8,33,0,0,0
4,0,0,1,38,17,60,0,0,0
4,0,0,0,26,12,57,0,0,0
4,1,0,1,45,16,61,0,0,0
4,0,0,1,26,14,14,0,0,0
4,0,1,1,41,14,46,0,0,0
4,1,1,1,72,15,49,0,0,0
4,0,0,1,48,12,26,0,0,0
4,1,0,1,38,10,31,0,0,0
4,1,0,1,67,12,27,0,0,0
4,0,0,1,20,12,22,0,0,0
4,1,1,1,55,9,23,0,0,0
4,0,1,1,58,4,41,0,0,0
4,0,1,1,31,17,20,0,0,0
4,0,0,0,22,11,22,0,0,0
4,0,1,1,30,10,20,0,0,0
4,0,0,1,31,12,16,0,0,0
4,0,0,1,33,12,45,0,0,0
4,0,1,1,51,12,47,0,0,0
4,0,0,1,62,12,34,0,0,0
4,1,0,1,41,12,56,0,0,0
4,0,1,1,31,14,33,0,0,0
4,1,0,1,28,12,46,0,0,0
4,0,1,1,23,12,16,0,0,0
4,1,1,1,23,14,39,0,0,0
4,0,0,1,62,12,17,0,0,0
4,0,0,1,56,12,61,0,0,0
4,0,0,1,53,12,50,0,0,0
4,1,0,0,32,13,46,0,0,0
4,1,0,0,69,12,61,0,0,0
4,0,0,1,30,12,57,0,0,0
4,0,1,1,57,3,37,0,0,0
4,1,1,1,25,15,50,0,0,0
4,0,1,1,77,16,74,0,0,0
4,1,0,1,27,12,29,0,0,0
4,0,0,1,50,13,46,0,0,0
4,1,0,1,21,12,31,0,0,0
4,0,1,1,34,12,48,0,0,0
4,1,1,1,26,16,55,0,0,0
4,1,1,1,38,17,49,0,0,0
4,0,0,1,40,17,43,0,0,0
4,0,0,1,50,10,44,0,0,0
4,0,0,1,22,14,46,0,0,0
4,1,0,1,39,14,36,0,0,0
4,1,0,1,31,12,20,0,0,0
4,0,0,1,29,13,31,0,0,0
4,0,1,1,42,8,28,0,0,0
4,1,1,1,25,16,76,0,0,0
4,0,0,0,33,11,43,0,0,0
4,0,1,1,34,11,33,0,0,0
4,0,1,0,49,5,33,0,0,0
4,0,0,1,58,14,56,0,0,0
4,1,0,0,35,12,36,0,0,0
4,0,0,1,20,12,20,0,0,0
4,0,0,1,20,12,36,0,0,0
4,0,1,1,49,8,50,0,0,0
4,1,0,1,32,20,78,0,0,0
4,0,0,1,39,12,46,0,0,0
4,0,0,0,24,13,61,0,0,0
4,0,0,0,28,14,41,0,0,0
4,0,0,1,25,13,36,0,0,0
4,1,0,1,30,13,36,0,0,0
4,0,0,1,41,18,61,0,0,0
4,0,0,1,69,5,36,0,0,0
4,1,0,1,37,12,62,0,0,0
4,0,1,0,23,15,36,0,0,0
4,0,0,1,66,12,32,0,0,0
4,1,0,1,60,14,42,0,0,0
4,0,0,0,22,15,35,0,0,0
4,1,0,1,51,12,18,0,0,0
4,0,0,1,47,12,42,0,0,0
4,1,0,1,73,12,46,0,0,0
4,0,0,0,22,14,31,0,0,0
4,0,1,1,28,12,32,0,0,0
4,1,0,1,70,16,50,0,0,0
4,0,1,1,42,5,17,0,0,0
4,1,0,1,42,12,45,0,0,0
4,1,0,1,49,12,31,0,0,0
4,1,1,1,39,7,28,0,0,0
4,0,0,1,57,13,46,0,0,0
4,1,0,1,25,17,60,0,0,0
4,1,0,1,58,9,27,0,0,0
4,0,0,1,25,13,46,0,0,0
4,0,0,0,37,12,36,0,0,0
4,1,0,1,57,7,14,0,0,0
4,0,1,1,63,19,68,0,0,0
4,1,1,1,58,14,48,0,0,0
4,1,0,1,34,13,46,0,0,0
4,0,1,1,59,18,74,0,0,0
4,1,0,1,31,18,69,0,0,0
4,0,1,0,34,9,18,0,0,0
4,1,1,1,44,12,37,0,0,0
4,1,0,1,48,12,27,0,0,0
4,0,0,0,39,12,41,0,0,0
4,1,0,1,35,14,50,0,0,0
4,1,0,1,34,12,36,0,0,0
4,1,1,1,54,17,36,0,0,0
4,0,0,1,48,12,46,0,0,0
4,1,0,1,40,16,46,0,0,0
4,1,0,1,41,18,63,0,0,0
4,0,0,1,44,12,48,0,0,0
4,1,0,1,44,19,48,0,0,0
4,0,0,1,50,17,63,0,0,0
4,1,0,1,51,17,60,0,0,0
4,1,1,1,31,17,46,0,0,0
4,0,1,1,72,10,37,0,0,0
4,1,0,1,31,16,50,0,0,0
4,0,0,1,65,12,62,0,0,0
4,0,0,1,45,10,34,0,0,0
4,1,0,1,32,15,50,0,0,0
4,1,1,1,41,16,50,0,0,0
4,1,1,1,38,19,76,0,0,0
4,0,1,1,34,17,61,0,0,0
4,0,0,0,44,16,63,0,0,0
4,1,0,1,43,12,12,0,0,0
4,1,0,1,39,18,60,0,0,0
4,1,0,1,81,12,50,0,0,0
4,1,1,1,41,15,36,0,0,0
4,0,0,1,33,15,46,0,0,0
4,0,1,1,41,16,50,0,0,0
4,0,0,1,52,12,33,0,0,0
4,0,1,1,48,9,34,0,0,0
4,0,0,1,38,12,62,0,0,0
4,1,0,0,87,5,18,0,0,0
4,1,0,1,64,12,19,0,0,0
4,0,0,1,41,14,48,0,0,0
4,0,0,1,26,15,62,0,0,0
4,1,0,1,61,9,18,0,0,0
4,1,0,1,38,18,62,0,0,0
4,0,1,1,30,16,57,0,0,0
4,1,0,1,67,13,45,0,0,0
4,1,0,1,28,9,31,0,0,0
4,0,0,1,27,18,63,0,0,0
4,1,0,1,67,13,44,0,0,0
4,1,0,0,21,15,61,0,0,0
4,0,0,1,55,16,62,0,0,0
4,0,0,1,60,12,36,0,0,0
4,1,0,0,31,14,36,0,0,0
4,0,0,1,37,10,20,0,0,0
4,0,0,1,30,12,25,0,0,0
4,1,0,1,33,12,32,0,0,0
4,1,1,1,74,11,50,0,0,0
4,0,1,0,25,13,32,0,0,0
4,1,1,1,50,14,34,0,0,0
4,1,1,1,24,12,19,0,0,0
4,1,1,1,54,8,32,0,0,0
4,1,0,0,47,14,50,0,0,0
4,1,0,0,47,13,57,0,0,0
4,1,0,0,24,12,41,0,0,0
4,1,0,0,44,13,47,0,0,0
4,0,0,1,30,12,43,0,0,0
4,0,1,1,60,7,27,0,0,0
4,1,1,1,33,12,32,0,0,0
4,1,1,1,46,17,78,0,0,0
4,1,0,1,75,12,42,0,0,0
4,1,0,1,24,12,50,0,0,0
4,1,0,1,31,14,23,0,0,0
4,1,1,0,22,11,29,0,0,0
4,1,0,0,56,8,14,0,0,0
4,0,0,0,37,13,25,0,0,0
4,0,1,0,36,13,56,0,0,0
4,1,0,0,28,15,46,0,0,0
4,0,1,1,50,14,56,0,0,0
4,0,0,1,40,16,57,0,0,0
4,0,0,1,32,11,19,0,0,0
4,1,1,1,19,11,39,0,0,0
4,0,0,0,33,16,60,0,0,0
4,1,0,0,35,9,22,0,0,0
4,0,0,1,29,12,46,0,0,0
4,1,1,1,41,12,17,0,0,0
4,1,0,0,43,16,52,0,0,0
4,0,1,1,30,14,31,0,0,0
4,1,0,1,27,10,39,0,0,0
4,0,1,1,22,12,36,0,0,0
4,0,0,1,44,11,34,0,0,0
4,0,0,1,38,12,36,0,0,0
4,1,1,1,28,14,50,0,0,0
4,1,0,1,22,12,48,0,0,0
4,0,0,0,41,14,60,0,0,0
4,0,0,1,53,10,39,0,0,0
4,1,0,0,36,12,18,0,0,0
4,1,0,1,37,16,50,0,0,0
4,1,1,1,30,10,47,0,0,0
4,0,0,1,55,11,46,0,0,0
4,1,0,1,39,17,63,0,0,0
4,1,0,0,55,14,36,0,0,0
4,0,0,1,27,12,31,0,0,0
